,Batsman_Name,Over,Bowler_Name,Batsman_country,Bowler_country,Host_country,Type_of_Match,Score,Run_rate,Match_time,Type_of_pitch,Type_of_Bowler,Type_of_Batsman,Bowling_area,Batting_area,Wickets,Result
0,Rohit Sharma,0.1,Morne Morkel,India,South Africa,South Africa,ODI,0,0,Day/Night,Flat/Cloudy,Right_arm_fast,Right_Hand_Batsman,outside off,leave,0,0
1,Rohit Sharma,0.2,Morne Morkel,India,South Africa,South Africa,ODI,0,0,Day/Night,Flat/Cloudy,Right_arm_fast,Right_Hand_Batsman,fuller delivery,defend,0,0
2,Rohit Sharma,0.3,Morne Morkel,India,South Africa,South Africa,ODI,1,2,Day/Night,Flat/Cloudy,Right_arm_fast,Right_Hand_Batsman,onto the pads,fine leg,0,1
3,Shikhar Dhawan,0.4,Morne Morkel,India,South Africa,South Africa,ODI,1,1.5,Day/Night,Flat/Cloudy,Right_arm_fast,Left_Hand_Batsman,fuller delivery,,0,0
4,Shikhar Dhawan,0.5,Morne Morkel,India,South Africa,South Africa,ODI,1,1.2,Day/Night,Flat/Cloudy,Right_arm_fast,Left_Hand_Batsman,short of a length on stump,square,0,0
5,Shikhar Dhawan,0.5,Morne Morkel,India,South Africa,South Africa,ODI,2,2.4,Day/Night,Flat/Cloudy,Right_arm_fast,Left_Hand_Batsman,short and wide,,0,1
6,Shikhar Dhawan,0.6,Morne Morkel,India,South Africa,South Africa,ODI,2,2,Day/Night,Flat/Cloudy,Right_arm_fast,Left_Hand_Batsman,fuller delivery,,0,0
7,Rohit Sharma,1.1,Kagiso Rabada,India,South Africa,South Africa,ODI,2,1.71,Day/Night,Flat/Cloudy,Right_arm_fast,Right_Hand_Batsman,short and wide,,0,0
8,Rohit Sharma,1.2,Kagiso Rabada,India,South Africa,South Africa,ODI,2,1.5,Day/Night,Flat/Cloudy,Right_arm_fast,Right_Hand_Batsman,length ball outside off,leave,0,0
9,Rohit Sharma,1.3,Kagiso Rabada,India,South Africa,South Africa,ODI,2,1.33,Day/Night,Flat/Cloudy,Right_arm_fast,Right_Hand_Batsman,outside off,leave,0,0
10,Rohit Sharma,1.4,Kagiso Rabada,India,South Africa,South Africa,ODI,2,1.2,Day/Night,Flat/Cloudy,Right_arm_fast,Right_Hand_Batsman,short of a length outside off,,0,0
11,Rohit Sharma,1.4,Kagiso Rabada,India,South Africa,South Africa,ODI,3,1.8,Day/Night,Flat/Cloudy,Right_arm_fast,Right_Hand_Batsman,fuller delivery,leave,0,1
12,Rohit Sharma,1.5,Kagiso Rabada,India,South Africa,South Africa,ODI,7,3.81,Day/Night,Flat/Cloudy,Right_arm_fast,Right_Hand_Batsman,fuller delivery,cover,0,4
13,Rohit Sharma,1.6,Kagiso Rabada,India,South Africa,South Africa,ODI,7,3.5,Day/Night,Flat/Cloudy,Right_arm_fast,Right_Hand_Batsman,fuller delivery,,0,0
14,Shikhar Dhawan,2.1,Morne Morkel,India,South Africa,South Africa,ODI,7,3.23,Day/Night,Flat/Cloudy,Right_arm_fast,Left_Hand_Batsman,short of a length on stump,square,0,0
15,Shikhar Dhawan,2.2,Morne Morkel,India,South Africa,South Africa,ODI,7,3,Day/Night,Flat/Cloudy,Right_arm_fast,Left_Hand_Batsman,short and wide,point,0,0
16,Shikhar Dhawan,2.2,Morne Morkel,India,South Africa,South Africa,ODI,8,3.42,Day/Night,Flat/Cloudy,Right_arm_fast,Left_Hand_Batsman,short of a length on stump,,0,1
17,Shikhar Dhawan,2.3,Morne Morkel,India,South Africa,South Africa,ODI,8,3.2,Day/Night,Flat/Cloudy,Right_arm_fast,Left_Hand_Batsman,short,point,0,0
18,Shikhar Dhawan,2.4,Morne Morkel,India,South Africa,South Africa,ODI,8,3,Day/Night,Flat/Cloudy,Right_arm_fast,Left_Hand_Batsman,fuller delivery,cover,0,0
19,Shikhar Dhawan,2.5,Morne Morkel,India,South Africa,South Africa,ODI,12,4.23,Day/Night,Flat/Cloudy,Right_arm_fast,Left_Hand_Batsman,fuller delivery,,0,4
20,Shikhar Dhawan,2.6,Morne Morkel,India,South Africa,South Africa,ODI,13,4.33,Day/Night,Flat/Cloudy,Right_arm_fast,Left_Hand_Batsman,on-side,square,0,1
21,Shikhar Dhawan,3.1,Kagiso Rabada,India,South Africa,South Africa,ODI,15,4.73,Day/Night,Flat/Cloudy,Right_arm_fast,Left_Hand_Batsman,fuller delivery,mid-off,0,2
22,Shikhar Dhawan,3.2,Kagiso Rabada,India,South Africa,South Africa,ODI,20,6,Day/Night,Flat/Cloudy,Right_arm_fast,Left_Hand_Batsman,length ball on stump,square,0,5
23,Rohit Sharma,3.3,Kagiso Rabada,India,South Africa,South Africa,ODI,20,5.71,Day/Night,Flat/Cloudy,Right_arm_fast,Right_Hand_Batsman,fuller delivery,leave,0,0
24,Rohit Sharma,3.4,Kagiso Rabada,India,South Africa,South Africa,ODI,20,5.45,Day/Night,Flat/Cloudy,Right_arm_fast,Right_Hand_Batsman,fuller delivery,defend,0,0
25,Rohit Sharma,3.5,Kagiso Rabada,India,South Africa,South Africa,ODI,20,5.21,Day/Night,Flat/Cloudy,Right_arm_fast,Right_Hand_Batsman,fuller delivery,to the bowler,0,0
26,Rohit Sharma,3.6,Kagiso Rabada,India,South Africa,South Africa,ODI,20,5,Day/Night,Flat/Cloudy,Right_arm_fast,Right_Hand_Batsman,fuller delivery,caught,1,-1
27,Shikhar Dhawan,4.1,Morne Morkel,India,South Africa,South Africa,ODI,22,5.28,Day/Night,Flat/Cloudy,Right_arm_fast,Left_Hand_Batsman,off the pads,square,1,2
28,Shikhar Dhawan,4.2,Morne Morkel,India,South Africa,South Africa,ODI,22,5.07,Day/Night,Flat/Cloudy,Right_arm_fast,Left_Hand_Batsman,fuller delivery,mid-off,1,0
29,Shikhar Dhawan,4.3,Morne Morkel,India,South Africa,South Africa,ODI,26,5.77,Day/Night,Flat/Cloudy,Right_arm_fast,Left_Hand_Batsman,short of a length outside off,third man,1,4
30,Shikhar Dhawan,4.4,Morne Morkel,India,South Africa,South Africa,ODI,26,5.57,Day/Night,Flat/Cloudy,Right_arm_fast,Left_Hand_Batsman,length ball outside off,defend,1,0
31,Shikhar Dhawan,4.5,Morne Morkel,India,South Africa,South Africa,ODI,26,5.37,Day/Night,Flat/Cloudy,Right_arm_fast,Left_Hand_Batsman,fuller delivery,defend,1,0
32,Shikhar Dhawan,4.6,Morne Morkel,India,South Africa,South Africa,ODI,26,5.2,Day/Night,Flat/Cloudy,Right_arm_fast,Left_Hand_Batsman,short of a length outside off,point,1,0
33,Virat Kohli,5.1,Kagiso Rabada,India,South Africa,South Africa,ODI,27,5.22,Day/Night,Flat/Cloudy,Right_arm_fast,Right_Hand_Batsman,fuller delivery,mid-on,1,1
34,Shikhar Dhawan,5.2,Kagiso Rabada,India,South Africa,South Africa,ODI,29,5.43,Day/Night,Flat/Cloudy,Right_arm_fast,Left_Hand_Batsman,fuller delivery,square,1,2
35,Shikhar Dhawan,5.3,Kagiso Rabada,India,South Africa,South Africa,ODI,29,5.27,Day/Night,Flat/Cloudy,Right_arm_fast,Left_Hand_Batsman,short of a length outside off,cover,1,0
36,Shikhar Dhawan,5.4,Kagiso Rabada,India,South Africa,South Africa,ODI,30,5.29,Day/Night,Flat/Cloudy,Right_arm_fast,Left_Hand_Batsman,short of a length off stump,fine leg,1,1
37,Virat Kohli,5.5,Kagiso Rabada,India,South Africa,South Africa,ODI,30,5.14,Day/Night,Flat/Cloudy,Right_arm_fast,Right_Hand_Batsman,fuller delivery,,1,0
38,Virat Kohli,5.6,Kagiso Rabada,India,South Africa,South Africa,ODI,30,5,Day/Night,Flat/Cloudy,Right_arm_fast,Right_Hand_Batsman,fuller delivery,defend,1,0
39,Shikhar Dhawan,6.1,Morne Morkel,India,South Africa,South Africa,ODI,34,5.51,Day/Night,Flat/Cloudy,Right_arm_fast,Left_Hand_Batsman,short of a length on stump,square,1,4
40,Shikhar Dhawan,6.2,Morne Morkel,India,South Africa,South Africa,ODI,34,5.36,Day/Night,Flat/Cloudy,Right_arm_fast,Left_Hand_Batsman,short of a length off stump,defend,1,0
41,Shikhar Dhawan,6.3,Morne Morkel,India,South Africa,South Africa,ODI,34,5.23,Day/Night,Flat/Cloudy,Right_arm_fast,Left_Hand_Batsman,short of a length off stump,square,1,0
42,Shikhar Dhawan,6.4,Morne Morkel,India,South Africa,South Africa,ODI,35,5.25,Day/Night,Flat/Cloudy,Right_arm_fast,Left_Hand_Batsman,short of a length on stump,fine leg,1,1
43,Virat Kohli,6.5,Morne Morkel,India,South Africa,South Africa,ODI,35,5.12,Day/Night,Flat/Cloudy,Right_arm_fast,Right_Hand_Batsman,short of a length outside off,point,1,0
44,Virat Kohli,6.6,Morne Morkel,India,South Africa,South Africa,ODI,35,5,Day/Night,Flat/Cloudy,Right_arm_fast,Right_Hand_Batsman,fuller delivery,,1,0
45,Shikhar Dhawan,7.1,Kagiso Rabada,India,South Africa,South Africa,ODI,36,5.02,Day/Night,Flat/Cloudy,Right_arm_fast,Left_Hand_Batsman,fuller delivery,mid-on,1,1
46,Virat Kohli,7.2,Kagiso Rabada,India,South Africa,South Africa,ODI,40,5.45,Day/Night,Flat/Cloudy,Right_arm_fast,Right_Hand_Batsman,short of a length outside off,slip,1,4
47,Virat Kohli,7.3,Kagiso Rabada,India,South Africa,South Africa,ODI,40,5.33,Day/Night,Flat/Cloudy,Right_arm_fast,Right_Hand_Batsman,fuller delivery,defend,1,0
48,Virat Kohli,7.4,Kagiso Rabada,India,South Africa,South Africa,ODI,44,5.73,Day/Night,Flat/Cloudy,Right_arm_fast,Right_Hand_Batsman,length ball on stump,square,1,4
49,Virat Kohli,7.5,Kagiso Rabada,India,South Africa,South Africa,ODI,44,5.61,Day/Night,Flat/Cloudy,Right_arm_fast,Right_Hand_Batsman,fuller delivery,mid-off,1,0
50,Virat Kohli,7.6,Kagiso Rabada,India,South Africa,South Africa,ODI,46,5.75,Day/Night,Flat/Cloudy,Right_arm_fast,Right_Hand_Batsman,fuller delivery,mid-on,1,2
51,Shikhar Dhawan,8.1,Morne Morkel,India,South Africa,South Africa,ODI,47,5.75,Day/Night,Flat/Cloudy,Right_arm_fast,Left_Hand_Batsman,fuller delivery,square,1,1
52,Virat Kohli,8.2,Morne Morkel,India,South Africa,South Africa,ODI,48,5.76,Day/Night,Flat/Cloudy,Right_arm_fast,Right_Hand_Batsman,fuller delivery,mid-on,1,1
53,Shikhar Dhawan,8.3,Morne Morkel,India,South Africa,South Africa,ODI,49,5.76,Day/Night,Flat/Cloudy,Right_arm_fast,Left_Hand_Batsman,short of a length on stump,fine leg,1,1
54,Virat Kohli,8.3,Morne Morkel,India,South Africa,South Africa,ODI,50,5.88,Day/Night,Flat/Cloudy,Right_arm_fast,Right_Hand_Batsman,length ball outside off,,1,1
55,Virat Kohli,8.4,Morne Morkel,India,South Africa,South Africa,ODI,50,5.76,Day/Night,Flat/Cloudy,Right_arm_fast,Right_Hand_Batsman,length ball outside off,,1,0
56,Virat Kohli,8.5,Morne Morkel,India,South Africa,South Africa,ODI,50,5.66,Day/Night,Flat/Cloudy,Right_arm_fast,Right_Hand_Batsman,length ball off stump,square,1,0
57,Virat Kohli,8.6,Morne Morkel,India,South Africa,South Africa,ODI,50,5.55,Day/Night,Flat/Cloudy,Right_arm_fast,Right_Hand_Batsman,short of a length outside off,defend,1,0
58,Shikhar Dhawan,9.1,Kagiso Rabada,India,South Africa,South Africa,ODI,51,5.56,Day/Night,Flat/Cloudy,Right_arm_fast,Left_Hand_Batsman,short,fine leg,1,1
59,Virat Kohli,9.2,Kagiso Rabada,India,South Africa,South Africa,ODI,51,5.46,Day/Night,Flat/Cloudy,Right_arm_fast,Right_Hand_Batsman,length ball outside off,,1,0
60,Virat Kohli,9.3,Kagiso Rabada,India,South Africa,South Africa,ODI,51,5.36,Day/Night,Flat/Cloudy,Right_arm_fast,Right_Hand_Batsman,short of a length off stump,defend,1,0
61,Virat Kohli,9.4,Kagiso Rabada,India,South Africa,South Africa,ODI,51,5.27,Day/Night,Flat/Cloudy,Right_arm_fast,Right_Hand_Batsman,length ball off stump,off side,1,0
62,Virat Kohli,9.5,Kagiso Rabada,India,South Africa,South Africa,ODI,53,5.38,Day/Night,Flat/Cloudy,Right_arm_fast,Right_Hand_Batsman,onto the pads,square,1,2
63,Virat Kohli,9.6,Kagiso Rabada,India,South Africa,South Africa,ODI,53,5.3,Day/Night,Flat/Cloudy,Right_arm_fast,Right_Hand_Batsman,fuller delivery,to the bowler,1,0
64,Shikhar Dhawan,10.1,Lungi Ngidi,India,South Africa,South Africa,ODI,54,5.31,Day/Night,Flat/Cloudy,Right_arm_fast,Left_Hand_Batsman,off stump,fine leg,1,1
65,Virat Kohli,10.2,Lungi Ngidi,India,South Africa,South Africa,ODI,54,5.22,Day/Night,Flat/Cloudy,Right_arm_fast,Right_Hand_Batsman,short of a length on stump,square,1,0
66,Virat Kohli,10.3,Lungi Ngidi,India,South Africa,South Africa,ODI,54,5.14,Day/Night,Flat/Cloudy,Right_arm_fast,Right_Hand_Batsman,fuller delivery,mid-off,1,0
67,Virat Kohli,10.4,Lungi Ngidi,India,South Africa,South Africa,ODI,54,5.06,Day/Night,Flat/Cloudy,Right_arm_fast,Right_Hand_Batsman,fuller delivery,mid-on,1,0
68,Virat Kohli,10.5,Lungi Ngidi,India,South Africa,South Africa,ODI,54,4.98,Day/Night,Flat/Cloudy,Right_arm_fast,Right_Hand_Batsman,fuller delivery,mid-off,1,0
69,Virat Kohli,10.6,Lungi Ngidi,India,South Africa,South Africa,ODI,55,5,Day/Night,Flat/Cloudy,Right_arm_fast,Right_Hand_Batsman,length ball outside off,cover,1,1
70,Virat Kohli,11.1,Chris Morris,India,South Africa,South Africa,ODI,55,4.92,Day/Night,Flat/Cloudy,Right_arm_medium,Right_Hand_Batsman,length ball outside off,point,1,0
71,Virat Kohli,11.2,Chris Morris,India,South Africa,South Africa,ODI,55,4.85,Day/Night,Flat/Cloudy,Right_arm_medium,Right_Hand_Batsman,outside off,mid-on,1,0
72,Virat Kohli,11.3,Chris Morris,India,South Africa,South Africa,ODI,56,4.86,Day/Night,Flat/Cloudy,Right_arm_medium,Right_Hand_Batsman,fuller delivery,third man,1,1
73,Shikhar Dhawan,11.4,Chris Morris,India,South Africa,South Africa,ODI,56,4.8,Day/Night,Flat/Cloudy,Right_arm_medium,Left_Hand_Batsman,fuller delivery,mid-off,1,0
74,Shikhar Dhawan,11.5,Chris Morris,India,South Africa,South Africa,ODI,56,4.73,Day/Night,Flat/Cloudy,Right_arm_medium,Left_Hand_Batsman,short,point,1,0
75,Shikhar Dhawan,11.6,Chris Morris,India,South Africa,South Africa,ODI,56,4.66,Day/Night,Flat/Cloudy,Right_arm_medium,Left_Hand_Batsman,fuller delivery,mid-on,1,0
76,Virat Kohli,12.1,Lungi Ngidi,India,South Africa,South Africa,ODI,56,4.6,Day/Night,Flat/Cloudy,Right_arm_fast,Right_Hand_Batsman,length ball on stump,square,1,0
77,Virat Kohli,12.2,Lungi Ngidi,India,South Africa,South Africa,ODI,57,4.62,Day/Night,Flat/Cloudy,Right_arm_fast,Right_Hand_Batsman,fuller delivery,cover,1,1
78,Shikhar Dhawan,12.3,Lungi Ngidi,India,South Africa,South Africa,ODI,58,4.64,Day/Night,Flat/Cloudy,Right_arm_fast,Left_Hand_Batsman,short of a length off stump,mid-off,1,1
79,Virat Kohli,12.4,Lungi Ngidi,India,South Africa,South Africa,ODI,58,4.57,Day/Night,Flat/Cloudy,Right_arm_fast,Right_Hand_Batsman,fuller delivery,mid-on,1,0
80,Virat Kohli,12.5,Lungi Ngidi,India,South Africa,South Africa,ODI,59,4.59,Day/Night,Flat/Cloudy,Right_arm_fast,Right_Hand_Batsman,length ball outside off,third man,1,1
81,Shikhar Dhawan,12.6,Lungi Ngidi,India,South Africa,South Africa,ODI,59,4.53,Day/Night,Flat/Cloudy,Right_arm_fast,Left_Hand_Batsman,fuller delivery,,1,0
82,Virat Kohli,13.1,Chris Morris,India,South Africa,South Africa,ODI,60,4.55,Day/Night,Flat/Cloudy,Right_arm_medium,Right_Hand_Batsman,short of a length outside off,point,1,1
83,Shikhar Dhawan,13.2,Chris Morris,India,South Africa,South Africa,ODI,64,4.8,Day/Night,Flat/Cloudy,Right_arm_medium,Left_Hand_Batsman,short of a length off stump,square,1,4
84,Shikhar Dhawan,13.3,Chris Morris,India,South Africa,South Africa,ODI,64,4.74,Day/Night,Flat/Cloudy,Right_arm_medium,Left_Hand_Batsman,short and wide,,1,0
85,Shikhar Dhawan,13.4,Chris Morris,India,South Africa,South Africa,ODI,68,4.97,Day/Night,Flat/Cloudy,Right_arm_medium,Left_Hand_Batsman,short of a length on stump,square,1,4
86,Shikhar Dhawan,13.5,Chris Morris,India,South Africa,South Africa,ODI,68,4.91,Day/Night,Flat/Cloudy,Right_arm_medium,Left_Hand_Batsman,fuller delivery,cover,1,0
87,Shikhar Dhawan,13.6,Chris Morris,India,South Africa,South Africa,ODI,68,4.85,Day/Night,Flat/Cloudy,Right_arm_medium,Left_Hand_Batsman,short and wide,,1,0
88,Virat Kohli,14.1,Lungi Ngidi,India,South Africa,South Africa,ODI,68,4.8,Day/Night,Flat/Cloudy,Right_arm_fast,Right_Hand_Batsman,short of a length off stump,defend,1,0
89,Virat Kohli,14.2,Lungi Ngidi,India,South Africa,South Africa,ODI,72,5.02,Day/Night,Flat/Cloudy,Right_arm_fast,Right_Hand_Batsman,fuller delivery,mid-on,1,4
90,Virat Kohli,14.3,Lungi Ngidi,India,South Africa,South Africa,ODI,73,5.03,Day/Night,Flat/Cloudy,Right_arm_fast,Right_Hand_Batsman,short of a length on stump,deep square leg,1,1
91,Shikhar Dhawan,14.4,Lungi Ngidi,India,South Africa,South Africa,ODI,74,5.04,Day/Night,Flat/Cloudy,Right_arm_fast,Left_Hand_Batsman,fuller delivery,mid-off,1,1
92,Virat Kohli,14.5,Lungi Ngidi,India,South Africa,South Africa,ODI,75,5.05,Day/Night,Flat/Cloudy,Right_arm_fast,Right_Hand_Batsman,length ball outside off,third man,1,1
93,Shikhar Dhawan,14.6,Lungi Ngidi,India,South Africa,South Africa,ODI,78,5.2,Day/Night,Flat/Cloudy,Right_arm_fast,Left_Hand_Batsman,fuller delivery,mid-off,1,3
94,Shikhar Dhawan,15.1,Chris Morris,India,South Africa,South Africa,ODI,78,5.14,Day/Night,Flat/Cloudy,Right_arm_medium,Left_Hand_Batsman,short of a length outside off,,1,0
95,Shikhar Dhawan,15.2,Chris Morris,India,South Africa,South Africa,ODI,79,5.15,Day/Night,Flat/Cloudy,Right_arm_medium,Left_Hand_Batsman,short and wide,cover,1,1
96,Virat Kohli,15.3,Chris Morris,India,South Africa,South Africa,ODI,80,5.16,Day/Night,Flat/Cloudy,Right_arm_medium,Right_Hand_Batsman,fuller delivery,square,1,1
97,Shikhar Dhawan,15.4,Chris Morris,India,South Africa,South Africa,ODI,80,5.1,Day/Night,Flat/Cloudy,Right_arm_medium,Left_Hand_Batsman,length ball off stump,point,1,0
98,Shikhar Dhawan,15.5,Chris Morris,India,South Africa,South Africa,ODI,80,5.05,Day/Night,Flat/Cloudy,Right_arm_medium,Left_Hand_Batsman,short of a length on stump,defend,1,0
99,Shikhar Dhawan,15.6,Chris Morris,India,South Africa,South Africa,ODI,80,5,Day/Night,Flat/Cloudy,Right_arm_medium,Left_Hand_Batsman,short of a length off stump,point,1,0
100,Virat Kohli,16.1,Lungi Ngidi,India,South Africa,South Africa,ODI,80,4.94,Day/Night,Flat/Cloudy,Right_arm_fast,Right_Hand_Batsman,length ball,cover,1,0
101,Virat Kohli,16.2,Lungi Ngidi,India,South Africa,South Africa,ODI,80,4.89,Day/Night,Flat/Cloudy,Right_arm_fast,Right_Hand_Batsman,fuller delivery,point,1,0
102,Virat Kohli,16.3,Lungi Ngidi,India,South Africa,South Africa,ODI,86,5.21,Day/Night,Flat/Cloudy,Right_arm_fast,Right_Hand_Batsman,length ball,,1,6
103,Virat Kohli,16.4,Lungi Ngidi,India,South Africa,South Africa,ODI,88,5.28,Day/Night,Flat/Cloudy,Right_arm_fast,Right_Hand_Batsman,short of a length off stump,deep square leg,1,2
104,Virat Kohli,16.5,Lungi Ngidi,India,South Africa,South Africa,ODI,89,5.28,Day/Night,Flat/Cloudy,Right_arm_fast,Right_Hand_Batsman,outside off stump,mid-wicket,1,1
105,Shikhar Dhawan,16.6,Lungi Ngidi,India,South Africa,South Africa,ODI,90,5.29,Day/Night,Flat/Cloudy,Right_arm_fast,Left_Hand_Batsman,length ball,mid-wicket,1,1
106,Shikhar Dhawan,17.1,Chris Morris,India,South Africa,South Africa,ODI,91,5.3,Day/Night,Flat/Cloudy,Right_arm_medium,Left_Hand_Batsman,short,deep mid-wicket,1,1
107,Virat Kohli,17.2,Chris Morris,India,South Africa,South Africa,ODI,92,5.3,Day/Night,Flat/Cloudy,Right_arm_medium,Right_Hand_Batsman,short of a length on stump,long leg,1,1
108,Shikhar Dhawan,17.3,Chris Morris,India,South Africa,South Africa,ODI,94,5.37,Day/Night,Flat/Cloudy,Right_arm_medium,Left_Hand_Batsman,fuller delivery,off side,1,2
109,Shikhar Dhawan,17.4,Chris Morris,India,South Africa,South Africa,ODI,94,5.32,Day/Night,Flat/Cloudy,Right_arm_medium,Left_Hand_Batsman,fuller delivery,,1,0
110,Shikhar Dhawan,17.5,Chris Morris,India,South Africa,South Africa,ODI,95,5.32,Day/Night,Flat/Cloudy,Right_arm_medium,Left_Hand_Batsman,length ball outside off,third man,1,1
111,Virat Kohli,17.6,Chris Morris,India,South Africa,South Africa,ODI,95,5.27,Day/Night,Flat/Cloudy,Right_arm_medium,Right_Hand_Batsman,off stump,third man,1,0
112,Shikhar Dhawan,18.1,Andile Phehlukwayo,India,South Africa,South Africa,ODI,95,5.22,Day/Night,Flat/Cloudy,Right_arm_medium,Left_Hand_Batsman,length ball on stump,off side,1,0
113,Shikhar Dhawan,18.2,Andile Phehlukwayo,India,South Africa,South Africa,ODI,97,5.29,Day/Night,Flat/Cloudy,Right_arm_medium,Left_Hand_Batsman,length ball on stump,long leg,1,2
114,Shikhar Dhawan,18.3,Andile Phehlukwayo,India,South Africa,South Africa,ODI,98,5.29,Day/Night,Flat/Cloudy,Right_arm_medium,Left_Hand_Batsman,fuller delivery,deep mid-wicket,1,1
115,Virat Kohli,18.4,Andile Phehlukwayo,India,South Africa,South Africa,ODI,98,5.25,Day/Night,Flat/Cloudy,Right_arm_medium,Right_Hand_Batsman,fuller delivery,cover,1,0
116,Virat Kohli,18.5,Andile Phehlukwayo,India,South Africa,South Africa,ODI,99,5.25,Day/Night,Flat/Cloudy,Right_arm_medium,Right_Hand_Batsman,length ball outside off,cover,1,1
117,Shikhar Dhawan,18.6,Andile Phehlukwayo,India,South Africa,South Africa,ODI,105,5.52,Day/Night,Flat/Cloudy,Right_arm_medium,Left_Hand_Batsman,length ball on stump,square,1,6
118,Virat Kohli,19.1,Chris Morris,India,South Africa,South Africa,ODI,109,5.68,Day/Night,Flat/Cloudy,Right_arm_medium,Right_Hand_Batsman,length ball outside off,long-on,1,4
119,Virat Kohli,19.2,Chris Morris,India,South Africa,South Africa,ODI,109,5.63,Day/Night,Flat/Cloudy,Right_arm_medium,Right_Hand_Batsman,short of a length outside off,square,1,0
120,Virat Kohli,19.3,Chris Morris,India,South Africa,South Africa,ODI,109,5.58,Day/Night,Flat/Cloudy,Right_arm_medium,Right_Hand_Batsman,short,third man,1,0
121,Virat Kohli,19.4,Chris Morris,India,South Africa,South Africa,ODI,109,5.54,Day/Night,Flat/Cloudy,Right_arm_medium,Right_Hand_Batsman,bounce,,1,0
122,Virat Kohli,19.5,Chris Morris,India,South Africa,South Africa,ODI,110,5.54,Day/Night,Flat/Cloudy,Right_arm_medium,Right_Hand_Batsman,length ball on stump,long leg,1,1
123,Shikhar Dhawan,19.6,Chris Morris,India,South Africa,South Africa,ODI,114,5.7,Day/Night,Flat/Cloudy,Right_arm_medium,Left_Hand_Batsman,fuller delivery,leave,1,4
124,Virat Kohli,20.1,Andile Phehlukwayo,India,South Africa,South Africa,ODI,115,5.7,Day/Night,Flat/Cloudy,Right_arm_medium,Right_Hand_Batsman,length ball off stump,long-on,1,1
125,Shikhar Dhawan,20.2,Andile Phehlukwayo,India,South Africa,South Africa,ODI,117,5.75,Day/Night,Flat/Cloudy,Right_arm_medium,Left_Hand_Batsman,short,square,1,2
126,Shikhar Dhawan,20.3,Andile Phehlukwayo,India,South Africa,South Africa,ODI,118,5.75,Day/Night,Flat/Cloudy,Right_arm_medium,Left_Hand_Batsman,fuller delivery,long-off,1,1
127,Virat Kohli,20.4,Andile Phehlukwayo,India,South Africa,South Africa,ODI,120,5.8,Day/Night,Flat/Cloudy,Right_arm_medium,Right_Hand_Batsman,short ball,deep mid-wicket,1,2
128,Virat Kohli,20.5,Andile Phehlukwayo,India,South Africa,South Africa,ODI,121,5.8,Day/Night,Flat/Cloudy,Right_arm_medium,Right_Hand_Batsman,length ball,square,1,1
129,Shikhar Dhawan,20.6,Andile Phehlukwayo,India,South Africa,South Africa,ODI,121,5.76,Day/Night,Flat/Cloudy,Right_arm_medium,Left_Hand_Batsman,short of a length off stump,cover,1,0
130,Virat Kohli,21.1,Morne Morkel,India,South Africa,South Africa,ODI,123,5.81,Day/Night,Flat/Cloudy,Right_arm_fast,Right_Hand_Batsman,off stump,deep mid-wicket,1,2
131,Virat Kohli,21.2,Morne Morkel,India,South Africa,South Africa,ODI,127,5.95,Day/Night,Flat/Cloudy,Right_arm_fast,Right_Hand_Batsman,outside off,mid-off,1,4
132,Virat Kohli,21.3,Morne Morkel,India,South Africa,South Africa,ODI,127,5.9,Day/Night,Flat/Cloudy,Right_arm_fast,Right_Hand_Batsman,bounce,,1,0
133,Virat Kohli,21.4,Morne Morkel,India,South Africa,South Africa,ODI,127,5.86,Day/Night,Flat/Cloudy,Right_arm_fast,Right_Hand_Batsman,short of a length outside off,slip,1,0
134,Virat Kohli,21.5,Morne Morkel,India,South Africa,South Africa,ODI,128,5.86,Day/Night,Flat/Cloudy,Right_arm_fast,Right_Hand_Batsman,short and wide,third man,1,1
135,Shikhar Dhawan,21.6,Morne Morkel,India,South Africa,South Africa,ODI,128,5.81,Day/Night,Flat/Cloudy,Right_arm_fast,Left_Hand_Batsman,short,point,1,0
136,Virat Kohli,22.1,Andile Phehlukwayo,India,South Africa,South Africa,ODI,128,5.77,Day/Night,Flat/Cloudy,Right_arm_medium,Right_Hand_Batsman,short of a length outside off,cover,1,0
137,Virat Kohli,22.2,Andile Phehlukwayo,India,South Africa,South Africa,ODI,129,5.77,Day/Night,Flat/Cloudy,Right_arm_medium,Right_Hand_Batsman,straighter delivery,mid-on,1,1
138,Shikhar Dhawan,22.3,Andile Phehlukwayo,India,South Africa,South Africa,ODI,129,5.73,Day/Night,Flat/Cloudy,Right_arm_medium,Left_Hand_Batsman,short,square,1,0
139,Shikhar Dhawan,22.4,Andile Phehlukwayo,India,South Africa,South Africa,ODI,133,5.86,Day/Night,Flat/Cloudy,Right_arm_medium,Left_Hand_Batsman,short of a length outside off,third man,1,4
140,Shikhar Dhawan,22.5,Andile Phehlukwayo,India,South Africa,South Africa,ODI,137,6,Day/Night,Flat/Cloudy,Right_arm_medium,Left_Hand_Batsman,length ball off stump,third man,1,4
141,Shikhar Dhawan,22.6,Andile Phehlukwayo,India,South Africa,South Africa,ODI,138,6,Day/Night,Flat/Cloudy,Right_arm_medium,Left_Hand_Batsman,length ball outside off,cover,1,1
142,Shikhar Dhawan,23.1,Morne Morkel,India,South Africa,South Africa,ODI,138,5.95,Day/Night,Flat/Cloudy,Right_arm_fast,Left_Hand_Batsman,short,point,1,0
143,Shikhar Dhawan,23.2,Morne Morkel,India,South Africa,South Africa,ODI,139,5.95,Day/Night,Flat/Cloudy,Right_arm_fast,Left_Hand_Batsman,short ball,deep square leg,1,1
144,Virat Kohli,23.3,Morne Morkel,India,South Africa,South Africa,ODI,143,6.08,Day/Night,Flat/Cloudy,Right_arm_fast,Right_Hand_Batsman,length ball outside off,slip,1,4
145,Virat Kohli,23.4,Morne Morkel,India,South Africa,South Africa,ODI,144,6.08,Day/Night,Flat/Cloudy,Right_arm_fast,Right_Hand_Batsman,short ball,third man,1,1
146,Shikhar Dhawan,23.5,Morne Morkel,India,South Africa,South Africa,ODI,144,6.04,Day/Night,Flat/Cloudy,Right_arm_fast,Left_Hand_Batsman,short of a length off stump,mid-off,1,0
147,Shikhar Dhawan,23.6,Morne Morkel,India,South Africa,South Africa,ODI,145,6.04,Day/Night,Flat/Cloudy,Right_arm_fast,Left_Hand_Batsman,short of a length on stump,long leg,1,1
148,Shikhar Dhawan,24.1,Jean-Paul Duminy,India,South Africa,South Africa,ODI,146,6.04,Day/Night,Flat/Cloudy,Right_arm_offbreak,Left_Hand_Batsman,fuller delivery,mid-wicket,1,1
149,Virat Kohli,24.2,Jean-Paul Duminy,India,South Africa,South Africa,ODI,147,6.04,Day/Night,Flat/Cloudy,Right_arm_offbreak,Right_Hand_Batsman,length ball,long-on,1,1
150,Shikhar Dhawan,24.3,Jean-Paul Duminy,India,South Africa,South Africa,ODI,148,6.04,Day/Night,Flat/Cloudy,Right_arm_offbreak,Left_Hand_Batsman,flight delivery outside off,cover,1,1
151,Virat Kohli,24.4,Jean-Paul Duminy,India,South Africa,South Africa,ODI,149,6.04,Day/Night,Flat/Cloudy,Right_arm_offbreak,Right_Hand_Batsman,toss up off stump,long-on,1,1
152,Shikhar Dhawan,24.5,Jean-Paul Duminy,India,South Africa,South Africa,ODI,150,6.04,Day/Night,Flat/Cloudy,Right_arm_offbreak,Left_Hand_Batsman,short ball,long-on,1,1
153,Virat Kohli,24.6,Jean-Paul Duminy,India,South Africa,South Africa,ODI,150,6,Day/Night,Flat/Cloudy,Right_arm_offbreak,Right_Hand_Batsman,fuller delivery,,1,0
154,Shikhar Dhawan,25.1,Lungi Ngidi,India,South Africa,South Africa,ODI,150,5.96,Day/Night,Flat/Cloudy,Right_arm_fast,Left_Hand_Batsman,fuller delivery,mid-off,1,0
155,Shikhar Dhawan,25.2,Lungi Ngidi,India,South Africa,South Africa,ODI,151,5.96,Day/Night,Flat/Cloudy,Right_arm_fast,Left_Hand_Batsman,short of a length,on-side,1,1
156,Virat Kohli,25.3,Lungi Ngidi,India,South Africa,South Africa,ODI,151,5.92,Day/Night,Flat/Cloudy,Right_arm_fast,Right_Hand_Batsman,bounce,,1,0
157,Virat Kohli,25.4,Lungi Ngidi,India,South Africa,South Africa,ODI,152,5.92,Day/Night,Flat/Cloudy,Right_arm_fast,Right_Hand_Batsman,short,cover,1,1
158,Shikhar Dhawan,25.5,Lungi Ngidi,India,South Africa,South Africa,ODI,156,6.03,Day/Night,Flat/Cloudy,Right_arm_fast,Left_Hand_Batsman,short ball,third man,1,4
159,Shikhar Dhawan,25.5,Lungi Ngidi,India,South Africa,South Africa,ODI,157,6.07,Day/Night,Flat/Cloudy,Right_arm_fast,Left_Hand_Batsman,short ball,,1,1
160,Shikhar Dhawan,25.6,Lungi Ngidi,India,South Africa,South Africa,ODI,158,6.07,Day/Night,Flat/Cloudy,Right_arm_fast,Left_Hand_Batsman,onto the pad,long leg,1,1
161,Shikhar Dhawan,26.1,Jean-Paul Duminy,India,South Africa,South Africa,ODI,158,6.03,Day/Night,Flat/Cloudy,Right_arm_offbreak,Left_Hand_Batsman,toss up,cover,1,0
162,Shikhar Dhawan,26.2,Jean-Paul Duminy,India,South Africa,South Africa,ODI,159,6.03,Day/Night,Flat/Cloudy,Right_arm_offbreak,Left_Hand_Batsman,,long-off,1,1
163,Virat Kohli,26.3,Jean-Paul Duminy,India,South Africa,South Africa,ODI,161,6.07,Day/Night,Flat/Cloudy,Right_arm_offbreak,Right_Hand_Batsman,length ball,cover,1,2
164,Virat Kohli,26.4,Jean-Paul Duminy,India,South Africa,South Africa,ODI,165,6.18,Day/Night,Flat/Cloudy,Right_arm_offbreak,Right_Hand_Batsman,wide delivery,cover,1,4
165,Virat Kohli,26.5,Jean-Paul Duminy,India,South Africa,South Africa,ODI,166,6.18,Day/Night,Flat/Cloudy,Right_arm_offbreak,Right_Hand_Batsman,flight delivery off stump,long-off,1,1
166,Shikhar Dhawan,26.6,Jean-Paul Duminy,India,South Africa,South Africa,ODI,166,6.14,Day/Night,Flat/Cloudy,Right_arm_offbreak,Left_Hand_Batsman,flatter delivery,third man,1,0
167,Virat Kohli,27.1,Lungi Ngidi,India,South Africa,South Africa,ODI,166,6.11,Day/Night,Flat/Cloudy,Right_arm_fast,Right_Hand_Batsman,short,cover,1,0
168,Virat Kohli,27.2,Lungi Ngidi,India,South Africa,South Africa,ODI,167,6.1,Day/Night,Flat/Cloudy,Right_arm_fast,Right_Hand_Batsman,short of a length,third man,1,1
169,Shikhar Dhawan,27.3,Lungi Ngidi,India,South Africa,South Africa,ODI,167,6.07,Day/Night,Flat/Cloudy,Right_arm_fast,Left_Hand_Batsman,bounce,,1,0
170,Shikhar Dhawan,27.4,Lungi Ngidi,India,South Africa,South Africa,ODI,167,6.03,Day/Night,Flat/Cloudy,Right_arm_fast,Left_Hand_Batsman,slow delivery,point,1,0
171,Shikhar Dhawan,27.5,Lungi Ngidi,India,South Africa,South Africa,ODI,167,6,Day/Night,Flat/Cloudy,Right_arm_fast,Left_Hand_Batsman,short of a length,,1,0
172,Shikhar Dhawan,27.6,Lungi Ngidi,India,South Africa,South Africa,ODI,168,6,Day/Night,Flat/Cloudy,Right_arm_fast,Left_Hand_Batsman,short ball,long leg,1,1
173,Shikhar Dhawan,28.1,Jean-Paul Duminy,India,South Africa,South Africa,ODI,168,5.96,Day/Night,Flat/Cloudy,Right_arm_offbreak,Left_Hand_Batsman,short,,1,0
174,Shikhar Dhawan,28.2,Jean-Paul Duminy,India,South Africa,South Africa,ODI,169,5.96,Day/Night,Flat/Cloudy,Right_arm_offbreak,Left_Hand_Batsman,fuller delivery,long-off,1,1
175,Virat Kohli,28.3,Jean-Paul Duminy,India,South Africa,South Africa,ODI,169,5.92,Day/Night,Flat/Cloudy,Right_arm_offbreak,Right_Hand_Batsman,,long-off,1,0
176,Virat Kohli,28.4,Jean-Paul Duminy,India,South Africa,South Africa,ODI,170,5.93,Day/Night,Flat/Cloudy,Right_arm_offbreak,Right_Hand_Batsman,straighter delivery,cover,1,1
177,Shikhar Dhawan,28.5,Jean-Paul Duminy,India,South Africa,South Africa,ODI,170,5.89,Day/Night,Flat/Cloudy,Right_arm_offbreak,Left_Hand_Batsman,fuller delivery,cover,1,0
178,Shikhar Dhawan,28.6,Jean-Paul Duminy,India,South Africa,South Africa,ODI,170,5.86,Day/Night,Flat/Cloudy,Right_arm_offbreak,Left_Hand_Batsman,onto the pad,,1,0
179,Virat Kohli,29.1,Lungi Ngidi,India,South Africa,South Africa,ODI,171,5.86,Day/Night,Flat/Cloudy,Right_arm_fast,Right_Hand_Batsman,short ball,sweep,1,1
180,Shikhar Dhawan,29.2,Lungi Ngidi,India,South Africa,South Africa,ODI,171,5.82,Day/Night,Flat/Cloudy,Right_arm_fast,Left_Hand_Batsman,bounce,,1,0
181,Shikhar Dhawan,29.3,Lungi Ngidi,India,South Africa,South Africa,ODI,171,5.79,Day/Night,Flat/Cloudy,Right_arm_fast,Left_Hand_Batsman,off stump,defend,1,0
182,Shikhar Dhawan,29.4,Lungi Ngidi,India,South Africa,South Africa,ODI,172,5.79,Day/Night,Flat/Cloudy,Right_arm_fast,Left_Hand_Batsman,fuller delivery,mid-off,1,1
183,Virat Kohli,29.5,Lungi Ngidi,India,South Africa,South Africa,ODI,172,5.76,Day/Night,Flat/Cloudy,Right_arm_fast,Right_Hand_Batsman,slow delivery,mid-on,1,0
184,Virat Kohli,29.6,Lungi Ngidi,India,South Africa,South Africa,ODI,173,5.76,Day/Night,Flat/Cloudy,Right_arm_fast,Right_Hand_Batsman,short of a length outside off,third man,1,1
185,Virat Kohli,30.1,Jean-Paul Duminy,India,South Africa,South Africa,ODI,173,5.73,Day/Night,Flat/Cloudy,Right_arm_offbreak,Right_Hand_Batsman,,to the bowler,1,0
186,Virat Kohli,30.2,Jean-Paul Duminy,India,South Africa,South Africa,ODI,174,5.73,Day/Night,Flat/Cloudy,Right_arm_offbreak,Right_Hand_Batsman,short,third man,1,1
187,Shikhar Dhawan,30.3,Jean-Paul Duminy,India,South Africa,South Africa,ODI,175,5.73,Day/Night,Flat/Cloudy,Right_arm_offbreak,Left_Hand_Batsman,fuller delivery,long-off,1,1
188,Virat Kohli,30.4,Jean-Paul Duminy,India,South Africa,South Africa,ODI,176,5.73,Day/Night,Flat/Cloudy,Right_arm_offbreak,Right_Hand_Batsman,flatter delivery,long-on,1,1
189,Shikhar Dhawan,30.5,Jean-Paul Duminy,India,South Africa,South Africa,ODI,177,5.74,Day/Night,Flat/Cloudy,Right_arm_offbreak,Left_Hand_Batsman,straighter delivery,point,1,1
190,Virat Kohli,30.6,Jean-Paul Duminy,India,South Africa,South Africa,ODI,178,5.74,Day/Night,Flat/Cloudy,Right_arm_offbreak,Right_Hand_Batsman,flatter delivery off stump,square,1,1
191,Virat Kohli,31.1,Chris Morris,India,South Africa,South Africa,ODI,178,5.71,Day/Night,Flat/Cloudy,Right_arm_medium,Right_Hand_Batsman,bounce,caught,2,-1
192,Ajinkya Rahane,31.2,Chris Morris,India,South Africa,South Africa,ODI,178,5.68,Day/Night,Flat/Cloudy,Right_arm_medium,Right_Hand_Batsman,fuller delivery,cover,2,0
193,Ajinkya Rahane,31.3,Chris Morris,India,South Africa,South Africa,ODI,179,5.68,Day/Night,Flat/Cloudy,Right_arm_medium,Right_Hand_Batsman,short,fine leg,2,1
194,Shikhar Dhawan,31.4,Chris Morris,India,South Africa,South Africa,ODI,180,5.68,Day/Night,Flat/Cloudy,Right_arm_medium,Left_Hand_Batsman,short of a length,deep mid-wicket,2,1
195,Ajinkya Rahane,31.5,Chris Morris,India,South Africa,South Africa,ODI,180,5.65,Day/Night,Flat/Cloudy,Right_arm_medium,Right_Hand_Batsman,short,square,2,0
196,Ajinkya Rahane,31.6,Chris Morris,India,South Africa,South Africa,ODI,180,5.62,Day/Night,Flat/Cloudy,Right_arm_medium,Right_Hand_Batsman,fuller delivery,mid-on,2,0
197,Shikhar Dhawan,32.1,Kagiso Rabada,India,South Africa,South Africa,ODI,180,5.59,Day/Night,Flat/Cloudy,Right_arm_fast,Left_Hand_Batsman,short of a length off stump,cover,2,0
198,Shikhar Dhawan,32.2,Kagiso Rabada,India,South Africa,South Africa,ODI,180,5.56,Day/Night,Flat/Cloudy,Right_arm_fast,Left_Hand_Batsman,fuller delivery,to the bowler,2,0
199,Shikhar Dhawan,32.3,Kagiso Rabada,India,South Africa,South Africa,ODI,180,5.53,Day/Night,Flat/Cloudy,Right_arm_fast,Left_Hand_Batsman,short of a length,third man,2,0
200,Shikhar Dhawan,32.4,Kagiso Rabada,India,South Africa,South Africa,ODI,186,5.69,Day/Night,Flat/Cloudy,Right_arm_fast,Left_Hand_Batsman,half-volley,square,2,6
201,Shikhar Dhawan,32.5,Kagiso Rabada,India,South Africa,South Africa,ODI,186,5.66,Day/Night,Flat/Cloudy,Right_arm_fast,Left_Hand_Batsman,leg-side,square,2,0
202,Shikhar Dhawan,32.6,Kagiso Rabada,India,South Africa,South Africa,ODI,187,5.66,Day/Night,Flat/Cloudy,Right_arm_fast,Left_Hand_Batsman,length ball outside off,,2,1
203,Shikhar Dhawan,33.1,Chris Morris,India,South Africa,South Africa,ODI,191,5.75,Day/Night,Flat/Cloudy,Right_arm_medium,Left_Hand_Batsman,fuller delivery,mid-off,2,4
204,Shikhar Dhawan,33.2,Chris Morris,India,South Africa,South Africa,ODI,192,5.76,Day/Night,Flat/Cloudy,Right_arm_medium,Left_Hand_Batsman,short,fine leg,2,1
205,Ajinkya Rahane,33.3,Chris Morris,India,South Africa,South Africa,ODI,196,5.85,Day/Night,Flat/Cloudy,Right_arm_medium,Right_Hand_Batsman,fuller delivery,mid-wicket,2,4
206,Ajinkya Rahane,33.4,Chris Morris,India,South Africa,South Africa,ODI,196,5.82,Day/Night,Flat/Cloudy,Right_arm_medium,Right_Hand_Batsman,fuller delivery,mid-on,2,0
207,Ajinkya Rahane,33.4,Chris Morris,India,South Africa,South Africa,ODI,197,5.85,Day/Night,Flat/Cloudy,Right_arm_medium,Right_Hand_Batsman,short and wide,,2,1
208,Ajinkya Rahane,33.5,Chris Morris,India,South Africa,South Africa,ODI,197,5.82,Day/Night,Flat/Cloudy,Right_arm_medium,Right_Hand_Batsman,fuller delivery,,2,0
209,Ajinkya Rahane,33.6,Chris Morris,India,South Africa,South Africa,ODI,197,5.79,Day/Night,Flat/Cloudy,Right_arm_medium,Right_Hand_Batsman,fuller delivery,mid-on,2,0
210,Shikhar Dhawan,34.1,Kagiso Rabada,India,South Africa,South Africa,ODI,199,5.82,Day/Night,Flat/Cloudy,Right_arm_fast,Left_Hand_Batsman,short,square,2,2
211,Shikhar Dhawan,34.2,Kagiso Rabada,India,South Africa,South Africa,ODI,200,5.82,Day/Night,Flat/Cloudy,Right_arm_fast,Left_Hand_Batsman,fuller delivery,mid-on,2,1
212,Ajinkya Rahane,34.2,Kagiso Rabada,India,South Africa,South Africa,ODI,201,5.85,Day/Night,Flat/Cloudy,Right_arm_fast,Right_Hand_Batsman,short of a length on stump,,2,1
213,Ajinkya Rahane,34.3,Kagiso Rabada,India,South Africa,South Africa,ODI,201,5.82,Day/Night,Flat/Cloudy,Right_arm_fast,Right_Hand_Batsman,length ball outside off,point,2,0
214,Ajinkya Rahane,34.3,Kagiso Rabada,India,South Africa,South Africa,ODI,202,5.85,Day/Night,Flat/Cloudy,Right_arm_fast,Right_Hand_Batsman,short,,2,1
215,Ajinkya Rahane,34.4,Kagiso Rabada,India,South Africa,South Africa,ODI,203,5.85,Day/Night,Flat/Cloudy,Right_arm_fast,Right_Hand_Batsman,short of a length on stump,square,2,1
216,Shikhar Dhawan,34.5,Kagiso Rabada,India,South Africa,South Africa,ODI,205,5.88,Day/Night,Flat/Cloudy,Right_arm_fast,Left_Hand_Batsman,short of a length outside off,fine leg,2,2
217,Shikhar Dhawan,34.6,Kagiso Rabada,India,South Africa,South Africa,ODI,205,5.85,Day/Night,Flat/Cloudy,Right_arm_fast,Left_Hand_Batsman,fuller delivery,defend,2,0
218,Ajinkya Rahane,35.1,Morne Morkel,India,South Africa,South Africa,ODI,205,5.82,Day/Night,Flat/Cloudy,Right_arm_fast,Right_Hand_Batsman,length ball off stump,mid-wicket,2,0
219,Ajinkya Rahane,35.2,Morne Morkel,India,South Africa,South Africa,ODI,206,5.83,Day/Night,Flat/Cloudy,Right_arm_fast,Right_Hand_Batsman,short of a length outside off,third man,2,1
220,Shikhar Dhawan,35.3,Morne Morkel,India,South Africa,South Africa,ODI,206,5.8,Day/Night,Flat/Cloudy,Right_arm_fast,Left_Hand_Batsman,fuller delivery,caught,3,-1
221,Shreyas Iyer,35.4,Morne Morkel,India,South Africa,South Africa,ODI,207,5.8,Day/Night,Flat/Cloudy,Right_arm_fast,Right_Hand_Batsman,short of a length off stump,slip,3,1
222,Ajinkya Rahane,35.5,Morne Morkel,India,South Africa,South Africa,ODI,208,5.8,Day/Night,Flat/Cloudy,Right_arm_fast,Right_Hand_Batsman,length ball outside off,third man,3,1
223,Shreyas Iyer,35.6,Morne Morkel,India,South Africa,South Africa,ODI,209,5.8,Day/Night,Flat/Cloudy,Right_arm_fast,Right_Hand_Batsman,length ball outside off,third man,3,1
224,Shreyas Iyer,36.1,Lungi Ngidi,India,South Africa,South Africa,ODI,210,5.8,Day/Night,Flat/Cloudy,Right_arm_fast,Right_Hand_Batsman,fuller delivery,deep square leg,3,1
225,Ajinkya Rahane,36.2,Lungi Ngidi,India,South Africa,South Africa,ODI,210,5.77,Day/Night,Flat/Cloudy,Right_arm_fast,Right_Hand_Batsman,short of a length outside off,point,3,0
226,Ajinkya Rahane,36.3,Lungi Ngidi,India,South Africa,South Africa,ODI,210,5.75,Day/Night,Flat/Cloudy,Right_arm_fast,Right_Hand_Batsman,straighter delivery on stump,caught,4,-1
227,MS Dhoni,36.4,Lungi Ngidi,India,South Africa,South Africa,ODI,210,5.72,Day/Night,Flat/Cloudy,Right_arm_fast,Right_Hand_Batsman,fuller delivery,to the bowler,4,0
228,MS Dhoni,36.5,Lungi Ngidi,India,South Africa,South Africa,ODI,211,5.72,Day/Night,Flat/Cloudy,Right_arm_fast,Right_Hand_Batsman,short ball,deep square leg,4,1
229,Shreyas Iyer,36.6,Lungi Ngidi,India,South Africa,South Africa,ODI,211,5.7,Day/Night,Flat/Cloudy,Right_arm_fast,Right_Hand_Batsman,short,slip,4,0
230,MS Dhoni,37.1,Morne Morkel,India,South Africa,South Africa,ODI,211,5.67,Day/Night,Flat/Cloudy,Right_arm_fast,Right_Hand_Batsman,length ball outside off,cover,4,0
231,MS Dhoni,37.2,Morne Morkel,India,South Africa,South Africa,ODI,217,5.81,Day/Night,Flat/Cloudy,Right_arm_fast,Right_Hand_Batsman,short and wide,cover,4,6
232,MS Dhoni,37.3,Morne Morkel,India,South Africa,South Africa,ODI,218,5.81,Day/Night,Flat/Cloudy,Right_arm_fast,Right_Hand_Batsman,straighter delivery on stump,fine leg,4,1
233,Shreyas Iyer,37.4,Morne Morkel,India,South Africa,South Africa,ODI,222,5.89,Day/Night,Flat/Cloudy,Right_arm_fast,Right_Hand_Batsman,fuller delivery,,4,4
234,Shreyas Iyer,37.5,Morne Morkel,India,South Africa,South Africa,ODI,222,5.86,Day/Night,Flat/Cloudy,Right_arm_fast,Right_Hand_Batsman,short of a length outside off,off-side,4,0
235,Shreyas Iyer,37.6,Morne Morkel,India,South Africa,South Africa,ODI,222,5.84,Day/Night,Flat/Cloudy,Right_arm_fast,Right_Hand_Batsman,fuller delivery,,4,0
236,MS Dhoni,38.1,Andile Phehlukwayo,India,South Africa,South Africa,ODI,223,5.84,Day/Night,Flat/Cloudy,Right_arm_medium,Right_Hand_Batsman,short of a length,cover,4,1
237,Shreyas Iyer,38.2,Andile Phehlukwayo,India,South Africa,South Africa,ODI,223,5.81,Day/Night,Flat/Cloudy,Right_arm_medium,Right_Hand_Batsman,length ball outside off,point,4,0
238,Shreyas Iyer,38.3,Andile Phehlukwayo,India,South Africa,South Africa,ODI,224,5.81,Day/Night,Flat/Cloudy,Right_arm_medium,Right_Hand_Batsman,short of a length on stump,deep square leg,4,1
239,MS Dhoni,38.4,Andile Phehlukwayo,India,South Africa,South Africa,ODI,224,5.79,Day/Night,Flat/Cloudy,Right_arm_medium,Right_Hand_Batsman,short of a length outside off,point,4,0
240,MS Dhoni,38.5,Andile Phehlukwayo,India,South Africa,South Africa,ODI,225,5.79,Day/Night,Flat/Cloudy,Right_arm_medium,Right_Hand_Batsman,short of a length on stump,fine leg,4,1
241,Shreyas Iyer,38.6,Andile Phehlukwayo,India,South Africa,South Africa,ODI,226,5.79,Day/Night,Flat/Cloudy,Right_arm_medium,Right_Hand_Batsman,length ball off stump,long-on,4,1
242,Shreyas Iyer,39,Morne Morkel,India,South Africa,South Africa,ODI,227,5.82,Day/Night,Flat/Cloudy,Right_arm_fast,Right_Hand_Batsman,short of a length on stump,,4,1
243,Shreyas Iyer,39.1,Morne Morkel,India,South Africa,South Africa,ODI,228,5.82,Day/Night,Flat/Cloudy,Right_arm_fast,Right_Hand_Batsman,short and wide,third man,4,1
244,MS Dhoni,39.2,Morne Morkel,India,South Africa,South Africa,ODI,228,5.79,Day/Night,Flat/Cloudy,Right_arm_fast,Right_Hand_Batsman,length ball outside off,defend,4,0
245,MS Dhoni,39.3,Morne Morkel,India,South Africa,South Africa,ODI,229,5.79,Day/Night,Flat/Cloudy,Right_arm_fast,Right_Hand_Batsman,short of a length off stump,deep square leg,4,1
246,Shreyas Iyer,39.4,Morne Morkel,India,South Africa,South Africa,ODI,229,5.77,Day/Night,Flat/Cloudy,Right_arm_fast,Right_Hand_Batsman,short of a length off stump,defend,4,0
247,Shreyas Iyer,39.5,Morne Morkel,India,South Africa,South Africa,ODI,229,5.74,Day/Night,Flat/Cloudy,Right_arm_fast,Right_Hand_Batsman,bounce,,4,0
248,Shreyas Iyer,39.6,Morne Morkel,India,South Africa,South Africa,ODI,230,5.75,Day/Night,Flat/Cloudy,Right_arm_fast,Right_Hand_Batsman,length ball outside off,third man,4,1
249,Shreyas Iyer,40,Andile Phehlukwayo,India,South Africa,South Africa,ODI,231,5.77,Day/Night,Flat/Cloudy,Right_arm_medium,Right_Hand_Batsman,short of a length on stump,,4,1
250,Shreyas Iyer,40.1,Andile Phehlukwayo,India,South Africa,South Africa,ODI,232,5.77,Day/Night,Flat/Cloudy,Right_arm_medium,Right_Hand_Batsman,short of a length off stump,mid-wicket,4,1
251,MS Dhoni,40.2,Andile Phehlukwayo,India,South Africa,South Africa,ODI,234,5.8,Day/Night,Flat/Cloudy,Right_arm_medium,Right_Hand_Batsman,slow delivery,mid-wicket,4,2
252,MS Dhoni,40.3,Andile Phehlukwayo,India,South Africa,South Africa,ODI,234,5.77,Day/Night,Flat/Cloudy,Right_arm_medium,Right_Hand_Batsman,short of a length,mid-wicket,4,0
253,MS Dhoni,40.4,Andile Phehlukwayo,India,South Africa,South Africa,ODI,234,5.75,Day/Night,Flat/Cloudy,Right_arm_medium,Right_Hand_Batsman,short of a length outside off,,4,0
254,MS Dhoni,40.5,Andile Phehlukwayo,India,South Africa,South Africa,ODI,234,5.73,Day/Night,Flat/Cloudy,Right_arm_medium,Right_Hand_Batsman,short of a length on stump,,4,0
255,MS Dhoni,40.6,Andile Phehlukwayo,India,South Africa,South Africa,ODI,234,5.7,Day/Night,Flat/Cloudy,Right_arm_medium,Right_Hand_Batsman,short of a length off stump,cover,4,0
256,Shreyas Iyer,41.1,Lungi Ngidi,India,South Africa,South Africa,ODI,235,5.7,Day/Night,Flat/Cloudy,Right_arm_fast,Right_Hand_Batsman,short of a length outside off,third man,4,1
257,MS Dhoni,41.2,Lungi Ngidi,India,South Africa,South Africa,ODI,235,5.68,Day/Night,Flat/Cloudy,Right_arm_fast,Right_Hand_Batsman,slow delivery off stump,mid-wicket,4,0
258,MS Dhoni,41.3,Lungi Ngidi,India,South Africa,South Africa,ODI,239,5.75,Day/Night,Flat/Cloudy,Right_arm_fast,Right_Hand_Batsman,fuller delivery,third man,4,4
259,MS Dhoni,41.4,Lungi Ngidi,India,South Africa,South Africa,ODI,239,5.73,Day/Night,Flat/Cloudy,Right_arm_fast,Right_Hand_Batsman,short of a length on stump,square,4,0
260,MS Dhoni,41.5,Lungi Ngidi,India,South Africa,South Africa,ODI,239,5.71,Day/Night,Flat/Cloudy,Right_arm_fast,Right_Hand_Batsman,slow delivery on stump,to the bowler,4,0
261,MS Dhoni,41.6,Lungi Ngidi,India,South Africa,South Africa,ODI,240,5.71,Day/Night,Flat/Cloudy,Right_arm_fast,Right_Hand_Batsman,short,deep mid-wicket,4,1
262,MS Dhoni,42.1,Andile Phehlukwayo,India,South Africa,South Africa,ODI,240,5.69,Day/Night,Flat/Cloudy,Right_arm_medium,Right_Hand_Batsman,outside off,cover,4,0
263,MS Dhoni,42.2,Andile Phehlukwayo,India,South Africa,South Africa,ODI,241,5.69,Day/Night,Flat/Cloudy,Right_arm_medium,Right_Hand_Batsman,short of a length off stump,square,4,1
264,Shreyas Iyer,42.3,Andile Phehlukwayo,India,South Africa,South Africa,ODI,241,5.67,Day/Night,Flat/Cloudy,Right_arm_medium,Right_Hand_Batsman,length ball off stump,mid-on,4,0
265,Shreyas Iyer,42.4,Andile Phehlukwayo,India,South Africa,South Africa,ODI,241,5.64,Day/Night,Flat/Cloudy,Right_arm_medium,Right_Hand_Batsman,short of a length outside off,cover,4,0
266,Shreyas Iyer,42.4,Andile Phehlukwayo,India,South Africa,South Africa,ODI,242,5.67,Day/Night,Flat/Cloudy,Right_arm_medium,Right_Hand_Batsman,short of a length on stump,,4,1
267,Shreyas Iyer,42.5,Andile Phehlukwayo,India,South Africa,South Africa,ODI,243,5.67,Day/Night,Flat/Cloudy,Right_arm_medium,Right_Hand_Batsman,short of a length,off side,4,1
268,MS Dhoni,42.6,Andile Phehlukwayo,India,South Africa,South Africa,ODI,243,5.65,Day/Night,Flat/Cloudy,Right_arm_medium,Right_Hand_Batsman,short of a length outside off,defend,4,0
269,Shreyas Iyer,43.1,Lungi Ngidi,India,South Africa,South Africa,ODI,247,5.72,Day/Night,Flat/Cloudy,Right_arm_fast,Right_Hand_Batsman,short of a length outside off,mid-off,4,4
270,Shreyas Iyer,43.2,Lungi Ngidi,India,South Africa,South Africa,ODI,247,5.7,Day/Night,Flat/Cloudy,Right_arm_fast,Right_Hand_Batsman,length ball off stump,caught,5,-1
271,Hardik Pandya,43.3,Lungi Ngidi,India,South Africa,South Africa,ODI,248,5.7,Day/Night,Flat/Cloudy,Right_arm_fast,Right_Hand_Batsman,short of a length on stump,deep square leg,5,1
272,MS Dhoni,43.4,Lungi Ngidi,India,South Africa,South Africa,ODI,249,5.7,Day/Night,Flat/Cloudy,Right_arm_fast,Right_Hand_Batsman,slow delivery outside off,square,5,1
273,Hardik Pandya,43.5,Lungi Ngidi,India,South Africa,South Africa,ODI,249,5.68,Day/Night,Flat/Cloudy,Right_arm_fast,Right_Hand_Batsman,length ball outside off,point,5,0
274,Hardik Pandya,43.6,Lungi Ngidi,India,South Africa,South Africa,ODI,249,5.65,Day/Night,Flat/Cloudy,Right_arm_fast,Right_Hand_Batsman,fuller delivery,cover,5,0
275,MS Dhoni,44.1,Kagiso Rabada,India,South Africa,South Africa,ODI,249,5.63,Day/Night,Flat/Cloudy,Right_arm_fast,Right_Hand_Batsman,short of a length outside off,,5,0
276,MS Dhoni,44.2,Kagiso Rabada,India,South Africa,South Africa,ODI,250,5.63,Day/Night,Flat/Cloudy,Right_arm_fast,Right_Hand_Batsman,length ball off stump,square,5,1
277,Hardik Pandya,44.3,Kagiso Rabada,India,South Africa,South Africa,ODI,251,5.64,Day/Night,Flat/Cloudy,Right_arm_fast,Right_Hand_Batsman,short of a length outside off,third man,5,1
278,MS Dhoni,44.4,Kagiso Rabada,India,South Africa,South Africa,ODI,252,5.64,Day/Night,Flat/Cloudy,Right_arm_fast,Right_Hand_Batsman,length ball off stump,square,5,1
279,Hardik Pandya,44.5,Kagiso Rabada,India,South Africa,South Africa,ODI,253,5.64,Day/Night,Flat/Cloudy,Right_arm_fast,Right_Hand_Batsman,fuller delivery,mid-on,5,1
280,MS Dhoni,44.6,Kagiso Rabada,India,South Africa,South Africa,ODI,253,5.62,Day/Night,Flat/Cloudy,Right_arm_fast,Right_Hand_Batsman,fuller delivery,point,5,0
281,Hardik Pandya,45.1,Chris Morris,India,South Africa,South Africa,ODI,257,5.69,Day/Night,Flat/Cloudy,Right_arm_medium,Right_Hand_Batsman,short of a length,mid-wicket,5,4
282,Hardik Pandya,45.2,Chris Morris,India,South Africa,South Africa,ODI,257,5.66,Day/Night,Flat/Cloudy,Right_arm_medium,Right_Hand_Batsman,yorker,,5,0
283,Hardik Pandya,45.3,Chris Morris,India,South Africa,South Africa,ODI,257,5.64,Day/Night,Flat/Cloudy,Right_arm_medium,Right_Hand_Batsman,slow delivery outside off,point,5,0
284,Hardik Pandya,45.4,Chris Morris,India,South Africa,South Africa,ODI,258,5.64,Day/Night,Flat/Cloudy,Right_arm_medium,Right_Hand_Batsman,short,fine leg,5,1
285,MS Dhoni,45.5,Chris Morris,India,South Africa,South Africa,ODI,259,5.65,Day/Night,Flat/Cloudy,Right_arm_medium,Right_Hand_Batsman,length ball off stump,fine leg,5,1
286,Hardik Pandya,45.6,Chris Morris,India,South Africa,South Africa,ODI,259,5.63,Day/Night,Flat/Cloudy,Right_arm_medium,Right_Hand_Batsman,fuller delivery,,5,0
287,MS Dhoni,46.1,Kagiso Rabada,India,South Africa,South Africa,ODI,260,5.63,Day/Night,Flat/Cloudy,Right_arm_fast,Right_Hand_Batsman,yorker,,5,1
288,Hardik Pandya,46.2,Kagiso Rabada,India,South Africa,South Africa,ODI,261,5.63,Day/Night,Flat/Cloudy,Right_arm_fast,Right_Hand_Batsman,yorker,third man,5,1
289,MS Dhoni,46.3,Kagiso Rabada,India,South Africa,South Africa,ODI,261,5.61,Day/Night,Flat/Cloudy,Right_arm_fast,Right_Hand_Batsman,short outside off,,5,0
290,MS Dhoni,46.4,Kagiso Rabada,India,South Africa,South Africa,ODI,262,5.61,Day/Night,Flat/Cloudy,Right_arm_fast,Right_Hand_Batsman,fuller delivery,mid-wicket,5,1
291,Hardik Pandya,46.5,Kagiso Rabada,India,South Africa,South Africa,ODI,262,5.59,Day/Night,Flat/Cloudy,Right_arm_fast,Right_Hand_Batsman,short ball,dot,5,0
292,Hardik Pandya,46.6,Kagiso Rabada,India,South Africa,South Africa,ODI,262,5.57,Day/Night,Flat/Cloudy,Right_arm_fast,Right_Hand_Batsman,fuller delivery,caught,6,-1
293,MS Dhoni,47.1,Chris Morris,India,South Africa,South Africa,ODI,263,5.57,Day/Night,Flat/Cloudy,Right_arm_medium,Right_Hand_Batsman,short of a length off stump,deep square leg,6,1
294,Bhuvneshwar Kumar,47.2,Chris Morris,India,South Africa,South Africa,ODI,263,5.55,Day/Night,Flat/Cloudy,Right_arm_medium,Right_Hand_Batsman,fuller delivery,dot,6,0
295,Bhuvneshwar Kumar,47.2,Chris Morris,India,South Africa,South Africa,ODI,264,5.57,Day/Night,Flat/Cloudy,Right_arm_medium,Right_Hand_Batsman,short,,6,1
296,Bhuvneshwar Kumar,47.3,Chris Morris,India,South Africa,South Africa,ODI,264,5.55,Day/Night,Flat/Cloudy,Right_arm_medium,Right_Hand_Batsman,fuller delivery,mid-on,6,0
297,Bhuvneshwar Kumar,47.4,Chris Morris,India,South Africa,South Africa,ODI,265,5.55,Day/Night,Flat/Cloudy,Right_arm_medium,Right_Hand_Batsman,slow delivery off stump,fine leg,6,1
298,MS Dhoni,47.5,Chris Morris,India,South Africa,South Africa,ODI,266,5.56,Day/Night,Flat/Cloudy,Right_arm_medium,Right_Hand_Batsman,fuller delivery,long-on,6,1
299,Bhuvneshwar Kumar,47.6,Chris Morris,India,South Africa,South Africa,ODI,267,5.56,Day/Night,Flat/Cloudy,Right_arm_medium,Right_Hand_Batsman,short,square,6,1
300,Bhuvneshwar Kumar,48.1,Kagiso Rabada,India,South Africa,South Africa,ODI,269,5.58,Day/Night,Flat/Cloudy,Right_arm_fast,Right_Hand_Batsman,short of a length off stump,long-on,6,2
301,Bhuvneshwar Kumar,48.2,Kagiso Rabada,India,South Africa,South Africa,ODI,269,5.56,Day/Night,Flat/Cloudy,Right_arm_fast,Right_Hand_Batsman,short of a length,point,6,0
302,Bhuvneshwar Kumar,48.3,Kagiso Rabada,India,South Africa,South Africa,ODI,270,5.56,Day/Night,Flat/Cloudy,Right_arm_fast,Right_Hand_Batsman,fuller delivery,cover,6,1
303,MS Dhoni,48.4,Kagiso Rabada,India,South Africa,South Africa,ODI,272,5.58,Day/Night,Flat/Cloudy,Right_arm_fast,Right_Hand_Batsman,fuller delivery,long-on,6,2
304,MS Dhoni,48.5,Kagiso Rabada,India,South Africa,South Africa,ODI,276,5.65,Day/Night,Flat/Cloudy,Right_arm_fast,Right_Hand_Batsman,short,third man,6,4
305,MS Dhoni,48.6,Kagiso Rabada,India,South Africa,South Africa,ODI,277,5.65,Day/Night,Flat/Cloudy,Right_arm_fast,Right_Hand_Batsman,short of a length off stump,fine leg,6,1
306,MS Dhoni,49.1,Chris Morris,India,South Africa,South Africa,ODI,281,5.71,Day/Night,Flat/Cloudy,Right_arm_medium,Right_Hand_Batsman,fuller delivery,cover,6,4
307,MS Dhoni,49.2,Chris Morris,India,South Africa,South Africa,ODI,281,5.69,Day/Night,Flat/Cloudy,Right_arm_medium,Right_Hand_Batsman,yorker,to the bowler,6,0
308,MS Dhoni,49.3,Chris Morris,India,South Africa,South Africa,ODI,282,5.69,Day/Night,Flat/Cloudy,Right_arm_medium,Right_Hand_Batsman,fuller delivery,run out,7,-1
309,MS Dhoni,49.4,Chris Morris,India,South Africa,South Africa,ODI,286,5.75,Day/Night,Flat/Cloudy,Right_arm_medium,Right_Hand_Batsman,short and wide,point,7,4
310,MS Dhoni,49.5,Chris Morris,India,South Africa,South Africa,ODI,288,5.77,Day/Night,Flat/Cloudy,Right_arm_medium,Right_Hand_Batsman,yorker,square,7,2
311,MS Dhoni,49.6,Chris Morris,India,South Africa,South Africa,ODI,289,5.78,Day/Night,Flat/Cloudy,Right_arm_medium,Right_Hand_Batsman,fuller delivery,cover,7,1
