,Batsman_Name,Over,Bowler_Name,Batsman_country,Bowler_country,Score,Run_rate,Match_time,Type_of_pitch,Type_of_Bowler,Type_of_Batsman,Bowling_area,Batting_area
0,de Kock,0.1,Bhuvneshwar,India,South Africa,0,0,Day_Night,Grassy,Right_arm_medium,Left_Hand_Batsman,length ball off stump,defend
1,de Kock,0.2,Bhuvneshwar,India,South Africa,0,0,Day_Night,Grassy,Right_arm_medium,Left_Hand_Batsman,outside off,off-side
2,de Kock,0.3,Bhuvneshwar,India,South Africa,1,2,Day_Night,Grassy,Right_arm_medium,Left_Hand_Batsman,short of a length off stump,third man
3,Amla,0.4,Bhuvneshwar,India,South Africa,3,4.5,Day_Night,Grassy,Right_arm_medium,Right_Hand_Batsman,length ball on stump,square
4,Amla,0.5,Bhuvneshwar,India,South Africa,3,3.6,Day_Night,Grassy,Right_arm_medium,Right_Hand_Batsman,outside off,gully
5,Amla,0.6,Bhuvneshwar,India,South Africa,3,3,Day_Night,Grassy,Right_arm_medium,Right_Hand_Batsman,outside off,off-side
6,de Kock,1.1,Bumrah,India,South Africa,3,2.571428571,Day_Night,Grassy,Right_arm_medium,Left_Hand_Batsman,outside off,off-side
7,de Kock,1.2,Bumrah,India,South Africa,3,2.25,Day_Night,Grassy,Right_arm_medium,Left_Hand_Batsman,short of a length,third man
8,de Kock,1.3,Bumrah,India,South Africa,3,2,Day_Night,Grassy,Right_arm_medium,Left_Hand_Batsman,length ball off stump,mid-off
9,de Kock,1.4,Bumrah,India,South Africa,7,4.2,Day_Night,Grassy,Right_arm_medium,Left_Hand_Batsman,length ball off stump,
10,de Kock,1.5,Bumrah,India,South Africa,7,3.818181818,Day_Night,Grassy,Right_arm_medium,Left_Hand_Batsman,length ball off stump,on-side
11,de Kock,1.6,Bumrah,India,South Africa,7,3.5,Day_Night,Grassy,Right_arm_medium,Left_Hand_Batsman,flatter delivery,
12,Amla,2.1,Bhuvneshwar,India,South Africa,9,4.153846154,Day_Night,Grassy,Right_arm_medium,Right_Hand_Batsman,short of a length outside off,cover
13,Amla,2.2,Bhuvneshwar,India,South Africa,10,4.285714286,Day_Night,Grassy,Right_arm_medium,Right_Hand_Batsman,length ball outside off,fine leg
14,de Kock,2.3,Bhuvneshwar,India,South Africa,10,4,Day_Night,Grassy,Right_arm_medium,Left_Hand_Batsman,length ball outside off,off-side
15,de Kock,2.4,Bhuvneshwar,India,South Africa,11,4.125,Day_Night,Grassy,Right_arm_medium,Left_Hand_Batsman,short of a length outside off,third man
16,Amla,2.5,Bhuvneshwar,India,South Africa,11,3.882352941,Day_Night,Grassy,Right_arm_medium,Right_Hand_Batsman,short of a length,off-side
17,Amla,2.6,Bhuvneshwar,India,South Africa,13,4.333333333,Day_Night,Grassy,Right_arm_medium,Right_Hand_Batsman,pitched up,mid-off
18,de Kock,3.1,Bumrah,India,South Africa,13,4.105263158,Day_Night,Grassy,Right_arm_medium,Left_Hand_Batsman,outside off,off-side
19,de Kock,3.2,Bumrah,India,South Africa,13,3.9,Day_Night,Grassy,Right_arm_medium,Left_Hand_Batsman,short of a length outside off,defend
20,de Kock,3.3,Bumrah,India,South Africa,13,3.714285714,Day_Night,Grassy,Right_arm_medium,Left_Hand_Batsman,length ball outside off,on-side
21,de Kock,3.4,Bumrah,India,South Africa,13,3.545454545,Day_Night,Grassy,Right_arm_medium,Left_Hand_Batsman,length ball,defend
22,de Kock,3.5,Bumrah,India,South Africa,13,3.391304348,Day_Night,Grassy,Right_arm_medium,Left_Hand_Batsman,outside off,off-side
23,de Kock,3.6,Bumrah,India,South Africa,17,4.25,Day_Night,Grassy,Right_arm_medium,Left_Hand_Batsman,wide delivery,deep at cover
24,Amla,4.1,Bhuvneshwar,India,South Africa,17,4.08,Day_Night,Grassy,Right_arm_medium,Right_Hand_Batsman,length ball,gully
25,Amla,4.2,Bhuvneshwar,India,South Africa,17,3.923076923,Day_Night,Grassy,Right_arm_medium,Right_Hand_Batsman,fuller delivery,on-side
26,de Kock,4.3,Bhuvneshwar,India,South Africa,17,3.777777778,Day_Night,Grassy,Right_arm_medium,Left_Hand_Batsman,length ball outside off,off-side
27,de Kock,4.4,Bhuvneshwar,India,South Africa,17,3.642857143,Day_Night,Grassy,Right_arm_medium,Left_Hand_Batsman,length ball off stump,gully
28,de Kock,4.5,Bhuvneshwar,India,South Africa,17,3.517241379,Day_Night,Grassy,Right_arm_medium,Left_Hand_Batsman,short of a length outside off,mid-off
29,de Kock,4.6,Bhuvneshwar,India,South Africa,17,3.4,Day_Night,Grassy,Right_arm_medium,Left_Hand_Batsman,length ball,defend
30,Amla,5.1,Bumrah,India,South Africa,17,3.290322581,Day_Night,Grassy,Right_arm_medium,Right_Hand_Batsman,off stump,defend
31,Amla,5.2,Bumrah,India,South Africa,21,3.9375,Day_Night,Grassy,Right_arm_medium,Right_Hand_Batsman,fuller delivery outside off,square
32,Amla,5.3,Bumrah,India,South Africa,21,3.818181818,Day_Night,Grassy,Right_arm_medium,Right_Hand_Batsman,short of a length off stump,defend
33,Amla,5.4,Bumrah,India,South Africa,22,3.882352941,Day_Night,Grassy,Right_arm_medium,Right_Hand_Batsman,short,third man
34,de Kock,5.5,Bumrah,India,South Africa,22,3.771428571,Day_Night,Grassy,Right_arm_medium,Left_Hand_Batsman,length ball off stump,defend
35,de Kock,5.6,Bumrah,India,South Africa,22,3.666666667,Day_Night,Grassy,Right_arm_medium,Left_Hand_Batsman,bounce,mid-wicket
36,Amla,6.1,Bhuvneshwar,India,South Africa,22,3.567567568,Day_Night,Grassy,Right_arm_medium,Right_Hand_Batsman,short of a length outside off,mid-off
37,Amla,6.2,Bhuvneshwar,India,South Africa,25,3.947368421,Day_Night,Grassy,Right_arm_medium,Right_Hand_Batsman,,mid-off
38,de Kock,6.3,Bhuvneshwar,India,South Africa,25,3.846153846,Day_Night,Grassy,Right_arm_medium,Left_Hand_Batsman,short,defend
39,de Kock,6.4,Bhuvneshwar,India,South Africa,26,3.9,Day_Night,Grassy,Right_arm_medium,Left_Hand_Batsman,wide delivery,deep point
40,Amla,6.5,Bhuvneshwar,India,South Africa,27,3.951219512,Day_Night,Grassy,Right_arm_medium,Right_Hand_Batsman,short of a length,
41,de Kock,6.6,Bhuvneshwar,India,South Africa,28,4,Day_Night,Grassy,Right_arm_medium,Left_Hand_Batsman,,mid-off
42,de Kock,7.1,Bumrah,India,South Africa,28,3.906976744,Day_Night,Grassy,Right_arm_medium,Left_Hand_Batsman,,defend
43,de Kock,7.2,Bumrah,India,South Africa,29,3.954545455,Day_Night,Grassy,Right_arm_medium,Left_Hand_Batsman,short of a length,square
44,Amla,7.3,Bumrah,India,South Africa,29,3.866666667,Day_Night,Grassy,Right_arm_medium,Right_Hand_Batsman,inswinger,
45,du Plessis,7.4,Bumrah,India,South Africa,29,3.782608696,Day_Night,Grassy,Right_arm_medium,Right_Hand_Batsman,inswinger,defend
46,du Plessis,7.5,Bumrah,India,South Africa,30,3.829787234,Day_Night,Grassy,Right_arm_medium,Right_Hand_Batsman,bounce,third man
47,de Kock,7.6,Bumrah,India,South Africa,30,3.75,Day_Night,Grassy,Right_arm_medium,Left_Hand_Batsman,,off-side
48,du Plessis,8.1,Bhuvneshwar,India,South Africa,30,3.673469388,Day_Night,Grassy,Right_arm_medium,Right_Hand_Batsman,outside off,defend
49,du Plessis,8.2,Bhuvneshwar,India,South Africa,30,3.6,Day_Night,Grassy,Right_arm_medium,Right_Hand_Batsman,outside off,cover
50,du Plessis,8.3,Bhuvneshwar,India,South Africa,30,3.529411765,Day_Night,Grassy,Right_arm_medium,Right_Hand_Batsman,,on-side
51,du Plessis,8.4,Bhuvneshwar,India,South Africa,34,3.923076923,Day_Night,Grassy,Right_arm_medium,Right_Hand_Batsman,pitched up,mid-off
52,du Plessis,8.5,Bhuvneshwar,India,South Africa,38,4.301886792,Day_Night,Grassy,Right_arm_medium,Right_Hand_Batsman,short,square
53,du Plessis,8.6,Bhuvneshwar,India,South Africa,42,4.666666667,Day_Night,Grassy,Right_arm_medium,Right_Hand_Batsman,outside off,slip
54,de Kock,9.1,Hardik Pandya,India,South Africa,42,4.581818182,Day_Night,Grassy,Right_arm_medium,Left_Hand_Batsman,length ball,mid-on
55,de Kock,9.2,Hardik Pandya,India,South Africa,46,4.928571429,Day_Night,Grassy,Right_arm_medium,Left_Hand_Batsman,pitched up,
56,de Kock,9.3,Hardik Pandya,India,South Africa,47,4.947368421,Day_Night,Grassy,Right_arm_medium,Left_Hand_Batsman,outside off,deep point
57,du Plessis,9.4,Hardik Pandya,India,South Africa,47,4.862068966,Day_Night,Grassy,Right_arm_medium,Right_Hand_Batsman,short and wide,cover
58,du Plessis,9.5,Hardik Pandya,India,South Africa,47,4.779661017,Day_Night,Grassy,Right_arm_medium,Right_Hand_Batsman,length ball on stump,mid-on
59,du Plessis,9.6,Hardik Pandya,India,South Africa,48,4.8,Day_Night,Grassy,Right_arm_medium,Right_Hand_Batsman,short,sweeper cover
60,du Plessis,10.1,Chahal,India,South Africa,48,4.721311475,Day_Night,Grassy,Right_arm_legbreak,Right_Hand_Batsman,straighter delivery,off-side
61,du Plessis,10.2,Chahal,India,South Africa,49,4.741935484,Day_Night,Grassy,Right_arm_legbreak,Right_Hand_Batsman,onto the stump,on-side
62,de Kock,10.3,Chahal,India,South Africa,51,4.857142857,Day_Night,Grassy,Right_arm_legbreak,Left_Hand_Batsman,length ball outside off,fine leg
63,de Kock,10.4,Chahal,India,South Africa,51,4.78125,Day_Night,Grassy,Right_arm_legbreak,Left_Hand_Batsman,short,cover
64,de Kock,10.5,Chahal,India,South Africa,52,4.8,Day_Night,Grassy,Right_arm_legbreak,Left_Hand_Batsman,flatter delivery,on-side
65,du Plessis,10.6,Chahal,India,South Africa,52,4.727272727,Day_Night,Grassy,Right_arm_legbreak,Right_Hand_Batsman,outside off,cover
66,de Kock,11.1,Hardik Pandya,India,South Africa,52,4.656716418,Day_Night,Grassy,Right_arm_medium,Left_Hand_Batsman,length ball on stump,fine leg
67,du Plessis,11.2,Hardik Pandya,India,South Africa,53,4.676470588,Day_Night,Grassy,Right_arm_medium,Right_Hand_Batsman,length ball off stump,on-side
68,de Kock,11.3,Hardik Pandya,India,South Africa,54,4.695652174,Day_Night,Grassy,Right_arm_medium,Left_Hand_Batsman,fuller delivery,long-on
69,du Plessis,11.4,Hardik Pandya,India,South Africa,55,4.714285714,Day_Night,Grassy,Right_arm_medium,Right_Hand_Batsman,short of a length outside off,off-side
70,de Kock,11.5,Hardik Pandya,India,South Africa,57,4.816901408,Day_Night,Grassy,Right_arm_medium,Left_Hand_Batsman,short,cover
71,de Kock,11.6,Hardik Pandya,India,South Africa,57,4.75,Day_Night,Grassy,Right_arm_medium,Left_Hand_Batsman,length ball off stump,off-side
72,du Plessis,12.1,Chahal,India,South Africa,57,4.684931507,Day_Night,Grassy,Right_arm_legbreak,Right_Hand_Batsman,flight delivery,fine leg
73,du Plessis,12.2,Chahal,India,South Africa,58,4.702702703,Day_Night,Grassy,Right_arm_legbreak,Right_Hand_Batsman,length ball outside off,cover
74,de Kock,12.3,Chahal,India,South Africa,58,4.64,Day_Night,Grassy,Right_arm_legbreak,Left_Hand_Batsman,length ball outside off,defend
75,de Kock,12.4,Chahal,India,South Africa,58,4.578947368,Day_Night,Grassy,Right_arm_legbreak,Left_Hand_Batsman,fuller delivery,cover
76,de Kock,12.5,Chahal,India,South Africa,59,4.597402597,Day_Night,Grassy,Right_arm_legbreak,Left_Hand_Batsman,full toss,square
77,du Plessis,12.6,Chahal,India,South Africa,59,4.538461538,Day_Night,Grassy,Right_arm_legbreak,Right_Hand_Batsman,straighter delivery,defend
78,de Kock,13.1,Hardik Pandya,India,South Africa,63,4.784810127,Day_Night,Grassy,Right_arm_medium,Left_Hand_Batsman,short of a length outside off,deep square leg
79,de Kock,13.2,Hardik Pandya,India,South Africa,63,4.725,Day_Night,Grassy,Right_arm_medium,Left_Hand_Batsman,short and wide,point
80,de Kock,13.2,Hardik Pandya,India,South Africa,63,4.725,Day_Night,Grassy,Right_arm_medium,Left_Hand_Batsman,slow delivery,off-side
81,du Plessis,13.3,Hardik Pandya,India,South Africa,65,4.814814815,Day_Night,Grassy,Right_arm_medium,Right_Hand_Batsman,,
82,du Plessis,13.4,Hardik Pandya,India,South Africa,69,5.048780488,Day_Night,Grassy,Right_arm_medium,Right_Hand_Batsman,short,third man
83,du Plessis,13.5,Hardik Pandya,India,South Africa,73,5.277108434,Day_Night,Grassy,Right_arm_medium,Right_Hand_Batsman,,mid-off
84,du Plessis,13.6,Hardik Pandya,India,South Africa,73,5.214285714,Day_Night,Grassy,Right_arm_medium,Right_Hand_Batsman,outside off,cover
85,de Kock,14.1,Chahal,India,South Africa,75,5.294117647,Day_Night,Grassy,Right_arm_legbreak,Left_Hand_Batsman,toss up,
86,de Kock,14.2,Chahal,India,South Africa,75,5.23255814,Day_Night,Grassy,Right_arm_legbreak,Left_Hand_Batsman,outside off,cover
87,de Kock,14.3,Chahal,India,South Africa,76,5.24137931,Day_Night,Grassy,Right_arm_legbreak,Left_Hand_Batsman,,long-off
88,du Plessis,14.4,Chahal,India,South Africa,76,5.181818182,Day_Night,Grassy,Right_arm_legbreak,Right_Hand_Batsman,flatter delivery,cover
89,du Plessis,14.5,Chahal,India,South Africa,77,5.191011236,Day_Night,Grassy,Right_arm_legbreak,Right_Hand_Batsman,fuller delivery,long-on
90,de Kock,14.6,Chahal,India,South Africa,77,5.133333333,Day_Night,Grassy,Right_arm_legbreak,Left_Hand_Batsman,,
91,du Plessis,15.1,Kuldeep Yadav,India,South Africa,78,5.142857143,Day_Night,Grassy,Left_arm_chinaman,Right_Hand_Batsman,short,mid-wicket
92,Markram,15.2,Kuldeep Yadav,India,South Africa,78,5.086956522,Day_Night,Grassy,Left_arm_chinaman,Right_Hand_Batsman,length ball,on-side
93,Markram,15.3,Kuldeep Yadav,India,South Africa,78,5.032258065,Day_Night,Grassy,Left_arm_chinaman,Right_Hand_Batsman,short,slip
94,Markram,15.4,Kuldeep Yadav,India,South Africa,78,4.978723404,Day_Night,Grassy,Left_arm_chinaman,Right_Hand_Batsman,flight delivery,defend
95,Markram,15.5,Kuldeep Yadav,India,South Africa,78,4.926315789,Day_Night,Grassy,Left_arm_chinaman,Right_Hand_Batsman,googly,defend
96,Markram,15.6,Kuldeep Yadav,India,South Africa,79,4.9375,Day_Night,Grassy,Left_arm_chinaman,Right_Hand_Batsman,flight delivery,on-side
97,Markram,16.1,Chahal,India,South Africa,79,4.886597938,Day_Night,Grassy,Right_arm_legbreak,Right_Hand_Batsman,flatter delivery,defend
98,Markram,16.2,Chahal,India,South Africa,79,4.836734694,Day_Night,Grassy,Right_arm_legbreak,Right_Hand_Batsman,flatter delivery,on-side
99,Markram,16.3,Chahal,India,South Africa,79,4.787878788,Day_Night,Grassy,Right_arm_legbreak,Right_Hand_Batsman,leg break delivery,off-side
100,Markram,16.4,Chahal,India,South Africa,80,4.8,Day_Night,Grassy,Right_arm_legbreak,Right_Hand_Batsman,,off-side
101,du Plessis,16.5,Chahal,India,South Africa,80,4.752475248,Day_Night,Grassy,Right_arm_legbreak,Right_Hand_Batsman,straighter delivery,defend
102,du Plessis,16.6,Chahal,India,South Africa,81,4.764705882,Day_Night,Grassy,Right_arm_legbreak,Right_Hand_Batsman,,sweeper cover
103,du Plessis,17.1,Kuldeep Yadav,India,South Africa,82,4.776699029,Day_Night,Grassy,Left_arm_chinaman,Right_Hand_Batsman,fuller delivery,long-off
104,Markram,17.2,Kuldeep Yadav,India,South Africa,82,4.730769231,Day_Night,Grassy,Left_arm_chinaman,Right_Hand_Batsman,fuller delivery,on-side
105,Markram,17.3,Kuldeep Yadav,India,South Africa,82,4.685714286,Day_Night,Grassy,Left_arm_chinaman,Right_Hand_Batsman,outside off,cover
106,Markram,17.4,Kuldeep Yadav,India,South Africa,83,4.698113208,Day_Night,Grassy,Left_arm_chinaman,Right_Hand_Batsman,short,long-on
107,du Plessis,17.5,Kuldeep Yadav,India,South Africa,84,4.710280374,Day_Night,Grassy,Left_arm_chinaman,Right_Hand_Batsman,,off-side
108,Markram,17.6,Kuldeep Yadav,India,South Africa,85,4.722222222,Day_Night,Grassy,Left_arm_chinaman,Right_Hand_Batsman,,long-on
109,Markram,18.1,Chahal,India,South Africa,85,4.678899083,Day_Night,Grassy,Right_arm_legbreak,Right_Hand_Batsman,flatter delivery,mid-wicket
110,Markram,18.2,Chahal,India,South Africa,86,4.690909091,Day_Night,Grassy,Right_arm_legbreak,Right_Hand_Batsman,,long-on
111,du Plessis,18.3,Chahal,India,South Africa,87,4.702702703,Day_Night,Grassy,Right_arm_legbreak,Right_Hand_Batsman,googly,cover
112,Markram,18.4,Chahal,India,South Africa,88,4.714285714,Day_Night,Grassy,Right_arm_legbreak,Right_Hand_Batsman,short,long-on
113,du Plessis,18.5,Chahal,India,South Africa,89,4.725663717,Day_Night,Grassy,Right_arm_legbreak,Right_Hand_Batsman,turning away,on-side
114,Markram,18.6,Chahal,India,South Africa,89,4.684210526,Day_Night,Grassy,Right_arm_legbreak,Right_Hand_Batsman,toss up,off-side
115,du Plessis,19.1,Kuldeep Yadav,India,South Africa,90,4.695652174,Day_Night,Grassy,Left_arm_chinaman,Right_Hand_Batsman,flight delivery,long-off
116,Markram,19.2,Kuldeep Yadav,India,South Africa,91,4.706896552,Day_Night,Grassy,Left_arm_chinaman,Right_Hand_Batsman,turning in,long-on
117,du Plessis,19.3,Kuldeep Yadav,India,South Africa,91,4.666666667,Day_Night,Grassy,Left_arm_chinaman,Right_Hand_Batsman,flight delivery,cover
118,du Plessis,19.4,Kuldeep Yadav,India,South Africa,92,4.677966102,Day_Night,Grassy,Left_arm_chinaman,Right_Hand_Batsman,turning away,square
119,Markram,19.5,Kuldeep Yadav,India,South Africa,93,4.68907563,Day_Night,Grassy,Left_arm_chinaman,Right_Hand_Batsman,flight delivery,long-on
120,du Plessis,19.6,Kuldeep Yadav,India,South Africa,93,4.65,Day_Night,Grassy,Left_arm_chinaman,Right_Hand_Batsman,,defend
121,Markram,20.1,Chahal,India,South Africa,94,4.661157025,Day_Night,Grassy,Right_arm_legbreak,Right_Hand_Batsman,flight delivery,long-on
122,du Plessis,20.2,Chahal,India,South Africa,96,4.721311475,Day_Night,Grassy,Right_arm_legbreak,Right_Hand_Batsman,short,deep shortward point
123,du Plessis,20.3,Chahal,India,South Africa,97,4.731707317,Day_Night,Grassy,Right_arm_legbreak,Right_Hand_Batsman,flight delivery,long-off
124,Markram,20.4,Chahal,India,South Africa,97,4.693548387,Day_Night,Grassy,Right_arm_legbreak,Right_Hand_Batsman,,
125,Duminy,20.5,Chahal,India,South Africa,97,4.656,Day_Night,Grassy,Right_arm_legbreak,Left_Hand_Batsman,turning in,on-side
126,Duminy,20.6,Chahal,India,South Africa,97,4.619047619,Day_Night,Grassy,Right_arm_legbreak,Left_Hand_Batsman,,mid-wicker
127,du Plessis,21.1,Kuldeep Yadav,India,South Africa,97,4.582677165,Day_Night,Grassy,Left_arm_chinaman,Right_Hand_Batsman,toss up,defend
128,du Plessis,21.2,Kuldeep Yadav,India,South Africa,98,4.59375,Day_Night,Grassy,Left_arm_chinaman,Right_Hand_Batsman,turning away,mid-wicket
129,Duminy,21.3,Kuldeep Yadav,India,South Africa,99,4.604651163,Day_Night,Grassy,Left_arm_chinaman,Left_Hand_Batsman,fuller delivery,fine leg
130,du Plessis,21.4,Kuldeep Yadav,India,South Africa,99,4.569230769,Day_Night,Grassy,Left_arm_chinaman,Right_Hand_Batsman,short and slow,cover
131,du Plessis,21.5,Kuldeep Yadav,India,South Africa,99,4.534351145,Day_Night,Grassy,Left_arm_chinaman,Right_Hand_Batsman,slow delivery,defend
132,du Plessis,21.6,Kuldeep Yadav,India,South Africa,99,4.5,Day_Night,Grassy,Left_arm_chinaman,Right_Hand_Batsman,flatter delivery,off-side
133,Duminy,22.1,Kedar Jadhav,India,South Africa,103,4.646616541,Day_Night,Grassy,Right_arm_offbreak,Left_Hand_Batsman,flatter delivery,cover
134,Duminy,22.2,Kedar Jadhav,India,South Africa,103,4.611940299,Day_Night,Grassy,Right_arm_offbreak,Left_Hand_Batsman,outside off,off-side
135,Duminy,22.3,Kedar Jadhav,India,South Africa,105,4.666666667,Day_Night,Grassy,Right_arm_offbreak,Left_Hand_Batsman,full toss,deep extra-cover
136,Duminy,22.4,Kedar Jadhav,India,South Africa,105,4.632352941,Day_Night,Grassy,Right_arm_offbreak,Left_Hand_Batsman,low delivery,cover
137,Duminy,22.5,Kedar Jadhav,India,South Africa,106,4.642335766,Day_Night,Grassy,Right_arm_offbreak,Left_Hand_Batsman,low delivery,cover
138,du Plessis,22.6,Kedar Jadhav,India,South Africa,107,4.652173913,Day_Night,Grassy,Right_arm_offbreak,Right_Hand_Batsman,short of a length,square
139,du Plessis,23.1,Kuldeep Yadav,India,South Africa,108,4.661870504,Day_Night,Grassy,Left_arm_chinaman,Right_Hand_Batsman,short and spining in,long-off
140,Duminy,23.2,Kuldeep Yadav,India,South Africa,108,4.628571429,Day_Night,Grassy,Left_arm_chinaman,Left_Hand_Batsman,googly,defend
141,Duminy,23.3,Kuldeep Yadav,India,South Africa,108,4.595744681,Day_Night,Grassy,Left_arm_chinaman,Left_Hand_Batsman,,cover
142,Duminy,23.4,Kuldeep Yadav,India,South Africa,108,4.563380282,Day_Night,Grassy,Left_arm_chinaman,Left_Hand_Batsman,turning away,defend
143,Duminy,23.5,Kuldeep Yadav,India,South Africa,109,4.573426573,Day_Night,Grassy,Left_arm_chinaman,Left_Hand_Batsman,outside off,off-side
144,du Plessis,23.6,Kuldeep Yadav,India,South Africa,110,4.583333333,Day_Night,Grassy,Left_arm_chinaman,Right_Hand_Batsman,,long-off
145,du Plessis,24.1,Kedar Jadhav,India,South Africa,110,4.551724138,Day_Night,Grassy,Right_arm_offbreak,Right_Hand_Batsman,,defend
146,du Plessis,24.2,Kedar Jadhav,India,South Africa,111,4.561643836,Day_Night,Grassy,Right_arm_offbreak,Right_Hand_Batsman,low delivery,fine leg
147,Duminy,24.3,Kedar Jadhav,India,South Africa,112,4.571428571,Day_Night,Grassy,Right_arm_offbreak,Left_Hand_Batsman,flatter delivery,sweeper cover
148,du Plessis,24.4,Kedar Jadhav,India,South Africa,112,4.540540541,Day_Night,Grassy,Right_arm_offbreak,Right_Hand_Batsman,low delivery,cover
149,du Plessis,24.5,Kedar Jadhav,India,South Africa,113,4.55033557,Day_Night,Grassy,Right_arm_offbreak,Right_Hand_Batsman,low delivery,cover
150,Duminy,24.6,Kedar Jadhav,India,South Africa,114,4.56,Day_Night,Grassy,Right_arm_offbreak,Left_Hand_Batsman,outside off,sweeper cover
151,Duminy,25.1,Kuldeep Yadav,India,South Africa,114,4.529801325,Day_Night,Grassy,Left_arm_chinaman,Left_Hand_Batsman,spin,point
152,Duminy,25.2,Kuldeep Yadav,India,South Africa,114,4.5,Day_Night,Grassy,Left_arm_chinaman,Left_Hand_Batsman,,cover
153,Duminy,25.3,Kuldeep Yadav,India,South Africa,115,4.509803922,Day_Night,Grassy,Left_arm_chinaman,Left_Hand_Batsman,toss up,long-off
154,du Plessis,25.4,Kuldeep Yadav,India,South Africa,116,4.519480519,Day_Night,Grassy,Left_arm_chinaman,Right_Hand_Batsman,,extra-cover
155,Duminy,25.5,Kuldeep Yadav,India,South Africa,116,4.490322581,Day_Night,Grassy,Left_arm_chinaman,Left_Hand_Batsman,googly,
156,Miller,25.6,Kuldeep Yadav,India,South Africa,116,4.461538462,Day_Night,Grassy,Left_arm_chinaman,Left_Hand_Batsman,googly,defend
157,du Plessis,26.1,Kedar Jadhav,India,South Africa,116,4.433121019,Day_Night,Grassy,Right_arm_offbreak,Right_Hand_Batsman,fuller delivery,defend
158,du Plessis,26.2,Kedar Jadhav,India,South Africa,117,4.443037975,Day_Night,Grassy,Right_arm_offbreak,Right_Hand_Batsman,short,long-off
159,Miller,26.3,Kedar Jadhav,India,South Africa,117,4.41509434,Day_Night,Grassy,Right_arm_offbreak,Left_Hand_Batsman,flatter delivery outside off,defend
160,Miller,26.4,Kedar Jadhav,India,South Africa,121,4.5375,Day_Night,Grassy,Right_arm_offbreak,Left_Hand_Batsman,fuller delivery,square
161,Miller,26.5,Kedar Jadhav,India,South Africa,121,4.50931677,Day_Night,Grassy,Right_arm_offbreak,Left_Hand_Batsman,flatter delivery,defend
162,Miller,26.6,Kedar Jadhav,India,South Africa,123,4.555555556,Day_Night,Grassy,Right_arm_offbreak,Left_Hand_Batsman,short and outside off,deep shortward point
163,du Plessis,27.1,Kuldeep Yadav,India,South Africa,125,4.601226994,Day_Night,Grassy,Left_arm_chinaman,Right_Hand_Batsman,,extra-cover
164,du Plessis,27.2,Kuldeep Yadav,India,South Africa,126,4.609756098,Day_Night,Grassy,Left_arm_chinaman,Right_Hand_Batsman,googly,long-off
165,Miller,27.3,Kuldeep Yadav,India,South Africa,127,4.618181818,Day_Night,Grassy,Left_arm_chinaman,Left_Hand_Batsman,outside off,long-off
166,du Plessis,27.4,Kuldeep Yadav,India,South Africa,128,4.626506024,Day_Night,Grassy,Left_arm_chinaman,Right_Hand_Batsman,length ball off stump,cover
167,Miller,27.5,Kuldeep Yadav,India,South Africa,128,4.598802395,Day_Night,Grassy,Left_arm_chinaman,Left_Hand_Batsman,slow delivery,shortcover
168,Chris Morris,27.6,Kuldeep Yadav,India,South Africa,128,4.571428571,Day_Night,Grassy,Left_arm_chinaman,Right_Hand_Batsman,googly,mid-off
169,du Plessis,28.1,Hardik Pandya,India,South Africa,128,4.544378698,Day_Night,Grassy,Right_arm_medium,Right_Hand_Batsman,fuller delivery,defend
170,du Plessis,28.2,Hardik Pandya,India,South Africa,128,4.517647059,Day_Night,Grassy,Right_arm_medium,Right_Hand_Batsman,fuller delivery,defend
171,du Plessis,28.3,Hardik Pandya,India,South Africa,129,4.526315789,Day_Night,Grassy,Right_arm_medium,Right_Hand_Batsman,fuller delivery,long-on
172,Chris Morris,28.4,Hardik Pandya,India,South Africa,129,4.5,Day_Night,Grassy,Right_arm_medium,Right_Hand_Batsman,short,point
173,Chris Morris,28.5,Hardik Pandya,India,South Africa,129,4.473988439,Day_Night,Grassy,Right_arm_medium,Right_Hand_Batsman,short,defend
174,Chris Morris,28.6,Hardik Pandya,India,South Africa,129,4.448275862,Day_Night,Grassy,Right_arm_medium,Right_Hand_Batsman,outside off,mid-off
175,du Plessis,29.1,Chahal,India,South Africa,130,4.457142857,Day_Night,Grassy,Right_arm_legbreak,Right_Hand_Batsman,short,long-on
176,Chris Morris,29.2,Chahal,India,South Africa,131,4.465909091,Day_Night,Grassy,Right_arm_legbreak,Right_Hand_Batsman,fuller delivery,deep shortward square
177,du Plessis,29.3,Chahal,India,South Africa,132,4.474576271,Day_Night,Grassy,Right_arm_legbreak,Right_Hand_Batsman,turning away,cover
178,Chris Morris,29.4,Chahal,India,South Africa,132,4.449438202,Day_Night,Grassy,Right_arm_legbreak,Right_Hand_Batsman,tossed up outside off,leave
179,Chris Morris,29.5,Chahal,India,South Africa,132,4.424581006,Day_Night,Grassy,Right_arm_legbreak,Right_Hand_Batsman,flatter delivery,slip
180,Chris Morris,29.6,Chahal,India,South Africa,132,4.4,Day_Night,Grassy,Right_arm_legbreak,Right_Hand_Batsman,straighter delivery,mid-wicket
181,du Plessis,30.1,Hardik Pandya,India,South Africa,133,4.408839779,Day_Night,Grassy,Right_arm_medium,Right_Hand_Batsman,length ball outside off,point
182,Chris Morris,30.2,Hardik Pandya,India,South Africa,133,4.384615385,Day_Night,Grassy,Right_arm_medium,Right_Hand_Batsman,fuller delivery,mid-off
183,Chris Morris,30.3,Hardik Pandya,India,South Africa,133,4.360655738,Day_Night,Grassy,Right_arm_medium,Right_Hand_Batsman,length ball,defend
184,Chris Morris,30.4,Hardik Pandya,India,South Africa,133,4.336956522,Day_Night,Grassy,Right_arm_medium,Right_Hand_Batsman,short and wide,mid-wicket
185,Chris Morris,30.5,Hardik Pandya,India,South Africa,134,4.345945946,Day_Night,Grassy,Right_arm_medium,Right_Hand_Batsman,short of a length,long-on
186,du Plessis,30.6,Hardik Pandya,India,South Africa,135,4.35483871,Day_Night,Grassy,Right_arm_medium,Right_Hand_Batsman,slow delivery,cover
187,du Plessis,31.1,Bumrah,India,South Africa,135,4.331550802,Day_Night,Grassy,Right_arm_medium,Right_Hand_Batsman,short of a length,short cover
188,du Plessis,31.2,Bumrah,India,South Africa,136,4.340425532,Day_Night,Grassy,Right_arm_medium,Right_Hand_Batsman,short of a length,off-side
189,Chris Morris,31.3,Bumrah,India,South Africa,136,4.317460317,Day_Night,Grassy,Right_arm_medium,Right_Hand_Batsman,outside off,defend
190,Chris Morris,31.4,Bumrah,India,South Africa,136,4.294736842,Day_Night,Grassy,Right_arm_medium,Right_Hand_Batsman,outside off,defend
191,Chris Morris,31.5,Bumrah,India,South Africa,136,4.272251309,Day_Night,Grassy,Right_arm_medium,Right_Hand_Batsman,short of a length,defend
192,Chris Morris,31.6,Bumrah,India,South Africa,136,4.25,Day_Night,Grassy,Right_arm_medium,Right_Hand_Batsman,yorker,point
193,du Plessis,32.1,Hardik Pandya,India,South Africa,136,4.227979275,Day_Night,Grassy,Right_arm_medium,Right_Hand_Batsman,short of a length,defend
194,du Plessis,32.2,Hardik Pandya,India,South Africa,136,4.206185567,Day_Night,Grassy,Right_arm_medium,Right_Hand_Batsman,short of a length outside off,defend
195,du Plessis,32.3,Hardik Pandya,India,South Africa,137,4.215384615,Day_Night,Grassy,Right_arm_medium,Right_Hand_Batsman,straighter delivery,mid-wicket
196,Chris Morris,32.4,Hardik Pandya,India,South Africa,138,4.224489796,Day_Night,Grassy,Right_arm_medium,Right_Hand_Batsman,outside off,deep shortward point
197,du Plessis,32.5,Hardik Pandya,India,South Africa,142,4.324873096,Day_Night,Grassy,Right_arm_medium,Right_Hand_Batsman,short of a length,fine leg
198,du Plessis,32.6,Hardik Pandya,India,South Africa,143,4.333333333,Day_Night,Grassy,Right_arm_medium,Right_Hand_Batsman,length ball,deep square leg
199,du Plessis,33.1,Bumrah,India,South Africa,143,4.311557789,Day_Night,Grassy,Right_arm_medium,Right_Hand_Batsman,short of a length,defend
200,du Plessis,33.2,Bumrah,India,South Africa,143,4.29,Day_Night,Grassy,Right_arm_medium,Right_Hand_Batsman,fuller delivery,mid-off
201,du Plessis,33.3,Bumrah,India,South Africa,144,4.298507463,Day_Night,Grassy,Right_arm_medium,Right_Hand_Batsman,outside off,shortcover
202,Chris Morris,33.4,Bumrah,India,South Africa,145,4.306930693,Day_Night,Grassy,Right_arm_medium,Right_Hand_Batsman,short and wide,point
203,du Plessis,33.5,Bumrah,India,South Africa,146,4.315270936,Day_Night,Grassy,Right_arm_medium,Right_Hand_Batsman,full toss,deep point
204,Chris Morris,33.6,Bumrah,India,South Africa,150,4.411764706,Day_Night,Grassy,Right_arm_medium,Right_Hand_Batsman,short,mid-wicket
205,du Plessis,34.1,Bhuvneshwar,India,South Africa,154,4.507317073,Day_Night,Grassy,Right_arm_medium,Right_Hand_Batsman,length ball,fine leg
206,du Plessis,34.2,Bhuvneshwar,India,South Africa,155,4.514563107,Day_Night,Grassy,Right_arm_medium,Right_Hand_Batsman,length ball middle stump,fine leg
207,Chris Morris,34.3,Bhuvneshwar,India,South Africa,159,4.608695652,Day_Night,Grassy,Right_arm_medium,Right_Hand_Batsman,short,long-on
208,Chris Morris,34.4,Bhuvneshwar,India,South Africa,159,4.586538462,Day_Night,Grassy,Right_arm_medium,Right_Hand_Batsman,short,defend
209,Chris Morris,34.5,Bhuvneshwar,India,South Africa,160,4.593301435,Day_Night,Grassy,Right_arm_medium,Right_Hand_Batsman,length ball middle stump,mid-wicket
210,du Plessis,34.6,Bhuvneshwar,India,South Africa,160,4.571428571,Day_Night,Grassy,Right_arm_medium,Right_Hand_Batsman,short of a length,defend
211,Chris Morris,35.1,Bumrah,India,South Africa,162,4.606635071,Day_Night,Grassy,Right_arm_medium,Right_Hand_Batsman,short,deep point
212,Chris Morris,35.2,Bumrah,India,South Africa,162,4.58490566,Day_Night,Grassy,Right_arm_medium,Right_Hand_Batsman,outside off,defend
213,Chris Morris,35.3,Bumrah,India,South Africa,162,4.563380282,Day_Night,Grassy,Right_arm_medium,Right_Hand_Batsman,yorker,leave
214,Chris Morris,35.3,Bumrah,India,South Africa,163,4.591549296,Day_Night,Grassy,Right_arm_medium,Right_Hand_Batsman,fuller delivery,long-on
215,du Plessis,35.4,Bumrah,India,South Africa,163,4.570093458,Day_Night,Grassy,Right_arm_medium,Right_Hand_Batsman,short of a length,
216,du Plessis,35.5,Bumrah,India,South Africa,163,4.548837209,Day_Night,Grassy,Right_arm_medium,Right_Hand_Batsman,outside off,off-side
217,du Plessis,35.6,Bumrah,India,South Africa,167,4.638888889,Day_Night,Grassy,Right_arm_medium,Right_Hand_Batsman,yorker,deep point
218,Chris Morris,36.1,Bhuvneshwar,India,South Africa,171,4.728110599,Day_Night,Grassy,Right_arm_medium,Right_Hand_Batsman,short,mid-wicket
219,Chris Morris,36.2,Bhuvneshwar,India,South Africa,171,4.706422018,Day_Night,Grassy,Right_arm_medium,Right_Hand_Batsman,length ball off stump,defend
220,Chris Morris,36.3,Bhuvneshwar,India,South Africa,171,4.684931507,Day_Night,Grassy,Right_arm_medium,Right_Hand_Batsman,length ball middle stump,defend
221,Chris Morris,36.4,Bhuvneshwar,India,South Africa,172,4.690909091,Day_Night,Grassy,Right_arm_medium,Right_Hand_Batsman,yorker,long-on
222,du Plessis,36.5,Bhuvneshwar,India,South Africa,172,4.669683258,Day_Night,Grassy,Right_arm_medium,Right_Hand_Batsman,outside off,cover
223,du Plessis,36.6,Bhuvneshwar,India,South Africa,176,4.756756757,Day_Night,Grassy,Right_arm_medium,Right_Hand_Batsman,length ball,mid-off
224,Chris Morris,37.1,Chahal,India,South Africa,176,4.735426009,Day_Night,Grassy,Right_arm_legbreak,Right_Hand_Batsman,flatter delivery,defend
225,Chris Morris,37.2,Chahal,India,South Africa,180,4.821428571,Day_Night,Grassy,Right_arm_legbreak,Right_Hand_Batsman,short,mid-wicket
226,Chris Morris,37.3,Chahal,India,South Africa,180,4.8,Day_Night,Grassy,Right_arm_legbreak,Right_Hand_Batsman,outside off,cover
227,Chris Morris,37.4,Chahal,India,South Africa,180,4.778761062,Day_Night,Grassy,Right_arm_legbreak,Right_Hand_Batsman,flatter delivery,defend
228,Chris Morris,37.5,Chahal,India,South Africa,181,4.784140969,Day_Night,Grassy,Right_arm_legbreak,Right_Hand_Batsman,straighter delivery,long-on
229,du Plessis,37.6,Chahal,India,South Africa,181,4.763157895,Day_Night,Grassy,Right_arm_legbreak,Right_Hand_Batsman,length ball off stump,defend
230,Chris Morris,38.1,Kuldeep Yadav,India,South Africa,181,4.742358079,Day_Night,Grassy,Left_arm_chinaman,Right_Hand_Batsman,flight delivery,defend
231,Chris Morris,38.2,Kuldeep Yadav,India,South Africa,181,4.72173913,Day_Night,Grassy,Left_arm_chinaman,Right_Hand_Batsman,bounce,sweep
232,Chris Morris,38.3,Kuldeep Yadav,India,South Africa,182,4.727272727,Day_Night,Grassy,Left_arm_chinaman,Right_Hand_Batsman,turning in ,mid-wicket
233,du Plessis,38.4,Kuldeep Yadav,India,South Africa,183,4.732758621,Day_Night,Grassy,Left_arm_chinaman,Right_Hand_Batsman,slow delivery,long-off
234,Chris Morris,38.5,Kuldeep Yadav,India,South Africa,184,4.738197425,Day_Night,Grassy,Left_arm_chinaman,Right_Hand_Batsman,toss up,long-off
235,du Plessis,38.6,Kuldeep Yadav,India,South Africa,184,4.717948718,Day_Night,Grassy,Left_arm_chinaman,Right_Hand_Batsman,googly,on-side
236,Chris Morris,39.1,Chahal,India,South Africa,185,4.723404255,Day_Night,Grassy,Right_arm_legbreak,Right_Hand_Batsman,shortand outside off,sweeper cover
237,du Plessis,39.2,Chahal,India,South Africa,185,4.703389831,Day_Night,Grassy,Right_arm_legbreak,Right_Hand_Batsman,,
238,du Plessis,39.3,Chahal,India,South Africa,185,4.683544304,Day_Night,Grassy,Right_arm_legbreak,Right_Hand_Batsman,short of a length off stump,mid-wicket
239,du Plessis,39.4,Chahal,India,South Africa,187,4.714285714,Day_Night,Grassy,Right_arm_legbreak,Right_Hand_Batsman,outside off,long-off
240,du Plessis,39.5,Chahal,India,South Africa,189,4.744769874,Day_Night,Grassy,Right_arm_legbreak,Right_Hand_Batsman,short,mid-wicket
241,du Plessis,39.6,Chahal,India,South Africa,193,4.825,Day_Night,Grassy,Right_arm_legbreak,Right_Hand_Batsman,flight delivery,mid-wicket
242,Chris Morris,40.1,Kuldeep Yadav,India,South Africa,195,4.854771784,Day_Night,Grassy,Left_arm_chinaman,Right_Hand_Batsman,toss up,extra-cover
243,Chris Morris,40.2,Kuldeep Yadav,India,South Africa,201,4.983471074,Day_Night,Grassy,Left_arm_chinaman,Right_Hand_Batsman,outside off,extra-cover
244,Chris Morris,40.3,Kuldeep Yadav,India,South Africa,201,4.962962963,Day_Night,Grassy,Left_arm_chinaman,Right_Hand_Batsman,turning in,mid-wicket
245,Chris Morris,40.4,Kuldeep Yadav,India,South Africa,201,4.942622951,Day_Night,Grassy,Left_arm_chinaman,Right_Hand_Batsman,toss up,stumped
246,Phehlukwayo,40.5,Kuldeep Yadav,India,South Africa,201,4.92244898,Day_Night,Grassy,Left_arm_chinaman,Left_Hand_Batsman,short,cover
247,Phehlukwayo,40.6,Kuldeep Yadav,India,South Africa,201,4.902439024,Day_Night,Grassy,Left_arm_chinaman,Left_Hand_Batsman,flight delivery,cover
248,du Plessis,41.1,Hardik Pandya,India,South Africa,202,4.906882591,Day_Night,Grassy,Right_arm_medium,Right_Hand_Batsman,outside off,sweeper cover
249,Phehlukwayo,41.2,Hardik Pandya,India,South Africa,202,4.887096774,Day_Night,Grassy,Right_arm_medium,Left_Hand_Batsman,short of a length,cover
250,Phehlukwayo,41.3,Hardik Pandya,India,South Africa,202,4.86746988,Day_Night,Grassy,Right_arm_medium,Left_Hand_Batsman,fuller delivery,defend
251,Phehlukwayo,41.4,Hardik Pandya,India,South Africa,202,4.848,Day_Night,Grassy,Right_arm_medium,Left_Hand_Batsman,bounce,leave
252,Phehlukwayo,41.5,Hardik Pandya,India,South Africa,202,4.828685259,Day_Night,Grassy,Right_arm_medium,Left_Hand_Batsman,,mid-wicket
253,Phehlukwayo,41.6,Hardik Pandya,India,South Africa,203,4.833333333,Day_Night,Grassy,Right_arm_medium,Left_Hand_Batsman,full toss,long-on
254,Phehlukwayo,42.1,Kuldeep Yadav,India,South Africa,203,4.814229249,Day_Night,Grassy,Left_arm_chinaman,Left_Hand_Batsman,flatter delivery,point
255,Phehlukwayo,42.2,Kuldeep Yadav,India,South Africa,203,4.795275591,Day_Night,Grassy,Left_arm_chinaman,Left_Hand_Batsman,length ball off stump,cover
256,Phehlukwayo,42.3,Kuldeep Yadav,India,South Africa,203,4.776470588,Day_Night,Grassy,Left_arm_chinaman,Left_Hand_Batsman,flight delivery,cover
257,Phehlukwayo,42.4,Kuldeep Yadav,India,South Africa,204,4.78125,Day_Night,Grassy,Left_arm_chinaman,Left_Hand_Batsman,googly,off-side
258,du Plessis,42.5,Kuldeep Yadav,India,South Africa,204,4.762645914,Day_Night,Grassy,Left_arm_chinaman,Right_Hand_Batsman,length ball outside off,defend
259,du Plessis,42.6,Kuldeep Yadav,India,South Africa,204,4.744186047,Day_Night,Grassy,Left_arm_chinaman,Right_Hand_Batsman,short of a length off stump,cover
260,Phehlukwayo,43.1,Chahal,India,South Africa,204,4.725868726,Day_Night,Grassy,Right_arm_legbreak,Left_Hand_Batsman,flight delivery,
261,Phehlukwayo,43.2,Chahal,India,South Africa,210,4.846153846,Day_Night,Grassy,Right_arm_legbreak,Left_Hand_Batsman,toss up outside off,deep mid-wicket
262,Phehlukwayo,43.3,Chahal,India,South Africa,210,4.827586207,Day_Night,Grassy,Right_arm_legbreak,Left_Hand_Batsman,length ball,mid-wicket
263,Phehlukwayo,43.4,Chahal,India,South Africa,210,4.809160305,Day_Night,Grassy,Right_arm_legbreak,Left_Hand_Batsman,outside off,silly point
264,Phehlukwayo,43.5,Chahal,India,South Africa,211,4.813688213,Day_Night,Grassy,Right_arm_legbreak,Left_Hand_Batsman,full toss outside off,long-off
265,du Plessis,43.6,Chahal,India,South Africa,212,4.818181818,Day_Night,Grassy,Right_arm_legbreak,Right_Hand_Batsman,toss up,long-on
266,du Plessis,44.1,Bumrah,India,South Africa,213,4.822641509,Day_Night,Grassy,Right_arm_medium,Right_Hand_Batsman,short of a length,off-side
267,Phehlukwayo,44.2,Bumrah,India,South Africa,214,4.827067669,Day_Night,Grassy,Right_arm_medium,Left_Hand_Batsman,short of a length,fine leg
268,du Plessis,44.3,Bumrah,India,South Africa,214,4.808988764,Day_Night,Grassy,Right_arm_medium,Right_Hand_Batsman,short of a length,leave
269,du Plessis,44.4,Bumrah,India,South Africa,215,4.813432836,Day_Night,Grassy,Right_arm_medium,Right_Hand_Batsman,short of a length,
270,Phehlukwayo,44.5,Bumrah,India,South Africa,215,4.795539033,Day_Night,Grassy,Right_arm_medium,Left_Hand_Batsman,yorker,on-side
271,Phehlukwayo,44.6,Bumrah,India,South Africa,216,4.8,Day_Night,Grassy,Right_arm_medium,Left_Hand_Batsman,full toss outside off,long-off
272,Phehlukwayo,45.1,Bhuvneshwar,India,South Africa,216,4.782287823,Day_Night,Grassy,Right_arm_medium,Left_Hand_Batsman,wide delivery,outside-off
273,Phehlukwayo,45.2,Bhuvneshwar,India,South Africa,217,4.786764706,Day_Night,Grassy,Right_arm_medium,Left_Hand_Batsman,short,long-off
274,du Plessis,45.3,Bhuvneshwar,India,South Africa,219,4.813186813,Day_Night,Grassy,Right_arm_medium,Right_Hand_Batsman,short of a length,cover
275,du Plessis,45.4,Bhuvneshwar,India,South Africa,223,4.883211679,Day_Night,Grassy,Right_arm_medium,Right_Hand_Batsman,short of a length,third man
276,du Plessis,45.5,Bhuvneshwar,India,South Africa,224,4.887272727,Day_Night,Grassy,Right_arm_medium,Right_Hand_Batsman,outside off,sweeper cover
277,Phehlukwayo,45.6,Bhuvneshwar,India,South Africa,225,4.891304348,Day_Night,Grassy,Right_arm_medium,Left_Hand_Batsman,short of a length,long-off
278,Phehlukwayo,46.1,Bumrah,India,South Africa,226,4.895306859,Day_Night,Grassy,Right_arm_medium,Left_Hand_Batsman,short of a length,
279,du Plessis,46.2,Bumrah,India,South Africa,227,4.899280576,Day_Night,Grassy,Right_arm_medium,Right_Hand_Batsman,,square
280,Phehlukwayo,46.3,Bumrah,India,South Africa,228,4.903225806,Day_Night,Grassy,Right_arm_medium,Left_Hand_Batsman,length ball,long-on
281,du Plessis,46.4,Bumrah,India,South Africa,229,4.907142857,Day_Night,Grassy,Right_arm_medium,Right_Hand_Batsman,length ball outside off,long-on
282,Phehlukwayo,46.5,Bumrah,India,South Africa,230,4.911032028,Day_Night,Grassy,Right_arm_medium,Left_Hand_Batsman,,extra-cover
283,du Plessis,46.6,Bumrah,India,South Africa,230,4.893617021,Day_Night,Grassy,Right_arm_medium,Right_Hand_Batsman,short,square
284,Phehlukwayo,47.1,Bhuvneshwar,India,South Africa,231,4.897526502,Day_Night,Grassy,Right_arm_medium,Left_Hand_Batsman,yorker,sweeper cover
285,du Plessis,47.2,Bhuvneshwar,India,South Africa,232,4.901408451,Day_Night,Grassy,Right_arm_medium,Right_Hand_Batsman,outside off,sweeper cover
286,Phehlukwayo,47.3,Bhuvneshwar,India,South Africa,233,4.905263158,Day_Night,Grassy,Right_arm_medium,Left_Hand_Batsman,outside off,long-off
287,du Plessis,47.4,Bhuvneshwar,India,South Africa,239,5.013986014,Day_Night,Grassy,Right_arm_medium,Right_Hand_Batsman,slow delivery,long-on
288,du Plessis,47.5,Bhuvneshwar,India,South Africa,240,5.017421603,Day_Night,Grassy,Right_arm_medium,Right_Hand_Batsman,full toss,long-on
289,Phehlukwayo,47.6,Bhuvneshwar,India,South Africa,241,5.020833333,Day_Night,Grassy,Right_arm_medium,Left_Hand_Batsman,yorker,mid-wicket
290,Phehlukwayo,48.1,Bumrah,India,South Africa,242,5.024221453,Day_Night,Grassy,Right_arm_medium,Left_Hand_Batsman,full toss,long-off
291,du Plessis,48.2,Bumrah,India,South Africa,244,5.048275862,Day_Night,Grassy,Right_arm_medium,Right_Hand_Batsman,outside off,long-off
292,du Plessis,48.3,Bumrah,India,South Africa,250,5.154639175,Day_Night,Grassy,Right_arm_medium,Right_Hand_Batsman,length ball,
293,du Plessis,48.4,Bumrah,India,South Africa,252,5.178082192,Day_Night,Grassy,Right_arm_medium,Right_Hand_Batsman,,long-on
294,du Plessis,48.5,Bumrah,India,South Africa,253,5.180887372,Day_Night,Grassy,Right_arm_medium,Right_Hand_Batsman,full toss,square
295,Phehlukwayo,48.6,Bumrah,India,South Africa,257,5.244897959,Day_Night,Grassy,Right_arm_medium,Left_Hand_Batsman,outside off,mid-wicket
296,du Plessis,49.1,Bhuvneshwar,India,South Africa,257,5.227118644,Day_Night,Grassy,Right_arm_medium,Right_Hand_Batsman,short of a length outside off,cover
297,du Plessis,49.2,Bhuvneshwar,India,South Africa,257,5.209459459,Day_Night,Grassy,Right_arm_medium,Right_Hand_Batsman,full toss outside off,long-off
298,Phehlukwayo,49.3,Bhuvneshwar,India,South Africa,258,5.212121212,Day_Night,Grassy,Right_arm_medium,Left_Hand_Batsman,outside off,long-off
299,Rabada,49.4,Bhuvneshwar,India,South Africa,259,5.214765101,Day_Night,Grassy,Right_arm_medium,Left_Hand_Batsman,yorker,off-side
300,Phehlukwayo,49.5,Bhuvneshwar,India,South Africa,260,5.217391304,Day_Night,Grassy,Right_arm_medium,Left_Hand_Batsman,full toss,long-off
301,Rabada,49.6,Bhuvneshwar,India,South Africa,260,5.2,Day_Night,Grassy,Right_arm_medium,Left_Hand_Batsman,outside off,
302,Phehlukwayo,49.6,Bhuvneshwar,India,South Africa,261,5.22,Day_Night,Grassy,Right_arm_medium,Left_Hand_Batsman,full toss,long-on
